Model_ID,Launch_Year,Fuel_Type,Transmission,Region,Month,Ex_Showroom_Price,Advertisement_Spend,Competitor_Model_Sales,Units_Sold,is_sustainable,design_score,sentiment_score,goal_alignment_score,revenue,alignment_group
3,2018,2,0,1,0,1470874,380838,860,1525,1,0.84991897,0.669113758,0.839677576,2691699420.0,0
0,2018,0,1,2,0,1033903,332152,593,643,0,0.50352896,0.652705936,0.385411632,565079684.65,1
1,2018,3,0,0,0,1006554,120474,1218,2176,0,0.98894268,0.759861887,0.582934856,2190261504.0,2
3,2022,3,1,0,2,1422564,88185,1473,1158,0,0.849579613,0.76995735,0.539845655,1647329112.0,2
3,2021,1,0,0,2,1416931,400068,1455,1723,1,0.764877763,0.749536688,0.838138151,2929646535.6,0
0,2022,2,0,2,4,1100724,312048,732,744,1,1.0,0.687589135,0.895863045,982726387.2,0
1,2021,3,1,2,1,1215879,306574,358,2088,0,0.89226269,0.565937714,0.486066801,2157942049.2,1
1,2022,2,0,2,1,882706,252211,1268,521,1,0.678749514,0.668055942,0.782268485,551867791.1999999,0
3,2022,3,0,2,4,1357549,347124,1135,891,0,0.761636446,0.847813971,0.536483473,1209576159.0,2
2,2020,1,1,2,4,1478662,72504,498,1330,1,0.455358855,0.801323789,0.752227548,2359944552.0,0
3,2022,2,0,3,0,1059070,104970,514,1595,1,0.909628547,0.72940504,0.879677862,2027059980.0,0
3,2019,2,1,3,4,578533,328910,1197,1317,1,0.705607248,0.661554794,0.789054014,914313553.2,0
3,2020,2,1,0,3,740011,166944,771,2363,1,0.453416273,0.698638152,0.717351475,1748645993.0,2
3,2022,2,1,1,1,689327,406066,546,1747,1,0.572724215,0.661999576,0.74490793,1204254269.0,2
0,2018,0,1,0,4,1005168,454911,681,2345,0,0.880636807,0.819305169,0.566647325,2357118960.0,2
1,2019,2,0,1,3,572684,461012,1290,823,1,0.992070407,0.6161033,0.869391236,565582718.4,0
0,2019,3,0,2,3,950134,223615,1226,2368,0,0.753063828,0.792366928,0.515143585,2249917312.0,2
0,2019,2,0,1,3,1281453,457775,1491,2575,1,0.602692299,0.647079743,0.749924014,3299741475.0,2
0,2020,1,1,0,3,1239644,214211,859,2108,1,0.536887547,0.832092683,0.789660077,3135803462.4,0
3,2022,2,0,0,0,1365990,170494,1374,1611,1,0.962192193,0.742677592,0.901623262,2640731868.0,0
2,2022,1,0,1,3,716621,284941,988,1606,1,0.817420167,0.62506126,0.814160476,1381071991.2,0
1,2018,1,1,3,0,735295,58802,679,2751,1,0.700479057,0.669068759,0.789849272,2427355854.0,0
2,2018,1,1,2,0,1367854,221277,773,1389,1,0.664759232,0.771164061,0.811974431,2279939047.2,0
0,2019,2,0,2,3,1275723,346303,1403,1972,1,0.850774446,0.650085718,0.833620054,3018870907.2,0
0,2018,3,1,0,1,1281712,61516,996,736,0,0.846647774,0.702213649,0.516287141,943340032.0,2
2,2020,3,1,3,3,1442760,362636,1210,1128,0,0.615512338,0.648705583,0.421405974,1383318288.0,1
2,2022,0,1,1,3,1447509,341230,1259,558,0,0.578644126,0.875911715,0.484851947,686553518.6999999,1
2,2019,3,1,2,3,1293070,163758,777,2303,0,0.586214596,0.893107189,0.493107262,2531249178.5,1
0,2018,2,0,3,1,1323851,80480,1303,2289,1,0.679766313,0.846312395,0.842026236,3636353926.8,0
0,2020,0,1,2,2,1057665,233163,1225,402,0,0.646532182,0.687562603,0.444698262,361404130.5,1
1,2020,2,1,3,2,1130532,178023,1006,1292,1,0.992713803,0.659724735,0.884146179,1752776812.8,0
1,2018,0,1,3,0,1198476,422339,1153,1068,0,0.674432907,0.622083642,0.432172183,1087976512.8,1
0,2022,3,1,0,0,1454138,228838,1437,1424,0,0.562550033,0.853572129,0.472040721,1760088635.2,1
2,2018,2,1,2,1,1237651,350881,1316,1521,1,0.570975384,0.793072371,0.788015918,2258960605.2,0
2,2019,1,1,1,4,1047670,321409,1053,2573,1,0.72240426,0.797876088,0.840093449,3234785892.0,0
1,2018,1,1,0,2,1270663,164165,802,2810,1,0.476681382,0.675007206,0.717229529,3570563030.0,2
0,2020,1,1,0,0,1211423,169501,1116,536,1,0.740981893,0.524210252,0.755064048,779187273.6,0
1,2018,2,0,1,2,653466,299329,887,1444,1,0.549568575,0.547204239,0.698924271,943604904.0,2
1,2022,0,1,0,1,1354221,383134,1007,2853,0,0.923791555,0.705763406,0.543184987,3863592513.0,2
3,2021,2,0,3,1,734318,327530,1367,1066,1,0.767484352,0.647732574,0.805072309,939339585.6,0
3,2018,2,1,3,4,872778,416862,1407,2981,1,1.0,0.636229871,0.87874329,3122101461.6,0
3,2022,1,1,2,4,631936,349569,506,1290,1,0.715769913,0.734514837,0.816761583,978236928.0,0
2,2022,3,1,2,1,1386004,171635,450,2965,0,0.280238425,0.801365983,0.360534803,3493076581.0,1
0,2020,1,1,1,0,1457726,224326,967,2059,1,0.96865218,0.629877293,0.866176491,3601749400.8,0
0,2022,3,0,2,2,1431170,270935,827,2620,0,0.825288474,0.569439031,0.464909168,3187215590.0,1
0,2022,3,1,3,3,1147952,103634,464,2579,0,0.848536182,0.632252882,0.493596355,2516482976.8,1
0,2022,0,1,1,4,1176315,228734,1216,795,0,0.599612462,0.595603604,0.398405355,794894861.25,1
3,2022,1,0,1,3,872818,399132,1468,1347,1,0.743572792,0.759283262,0.834285351,1410823015.2,0
2,2019,2,0,2,0,603533,284856,1309,2026,1,0.777969131,0.699589125,0.825852752,1467309429.6,0
2,2019,2,1,3,4,1368277,418481,336,2849,1,0.714326907,0.888048923,0.86745861,4677865407.599999,0
3,2020,2,0,1,3,747997,268599,632,2372,1,0.489845576,0.773468512,0.754438029,2129098660.8,0
2,2018,1,0,3,0,569590,287919,702,2635,1,1.0,0.881385614,0.960461871,1801043580.0,0
3,2022,0,0,3,2,889919,453359,713,637,0,0.875374386,0.559612464,0.47832895,481846642.55,1
0,2018,0,1,3,0,828615,458797,344,2237,0,0.813087607,0.37471412,0.395933909,1575569991.75,1
3,2018,2,1,2,4,1003692,117443,505,2117,1,0.947082843,0.724299203,0.890460682,2549779156.8,0
0,2020,3,1,0,1,981530,341568,361,436,0,0.846628832,0.712322024,0.519650285,427947080.0,2
0,2022,2,0,0,2,1015795,400988,719,2855,1,0.648419568,0.687721459,0.778713676,3480113670.0,0
1,2022,1,1,1,3,805442,354128,1167,2574,1,0.937467414,0.709579673,0.882349029,2487849249.6,0
3,2021,1,0,3,4,956324,91505,1119,619,1,0.877832401,0.587597382,0.821809928,710357467.1999999,0
1,2018,2,1,2,1,744936,152478,318,2163,1,0.654107127,0.75631787,0.803474999,1933555881.6,0
3,2018,1,1,3,0,1073212,112699,664,1215,1,0.8685022,0.773619324,0.880707175,1564743096.0,0
3,2019,2,0,3,1,909925,470173,1330,1505,1,0.713914495,0.580025128,0.764646541,1643324550.0,0
1,2021,2,1,2,4,509726,468680,727,2197,1,0.78127173,0.664636358,0.815302696,1343841626.4,0
1,2019,1,0,0,4,691896,426156,1440,2433,1,0.83994757,0.670813615,0.836920395,2020059561.6,0
3,2019,0,0,3,1,540542,204721,879,1225,0,0.955274655,0.63291891,0.529397855,662163950.0,2
2,2019,1,1,3,0,913461,485281,845,2400,1,0.653100602,0.583888761,0.745663121,2192306400.0,2
0,2020,2,0,0,1,534753,346902,624,1558,1,0.804744327,0.701250499,0.835331609,999774208.8,0
1,2020,0,1,2,4,1366220,186668,354,2282,0,1.0,0.726080552,0.575360184,3117714040.0,2
0,2019,1,1,1,4,783460,328518,1077,732,1,0.723592876,0.638981789,0.787524888,688191264.0,0
2,2021,1,0,0,3,733979,168686,1291,1298,1,0.779483517,0.59092114,0.790134886,1143245690.4,0
2,2018,2,1,1,3,1108986,315919,341,2447,1,1.0,0.741055725,0.913685242,3256426490.4,0
2,2021,3,0,1,2,778104,339532,530,1289,0,0.845621621,0.623267952,0.489629858,852529647.6,1
1,2022,2,1,0,4,530791,435944,752,898,1,0.528902958,0.669079449,0.732660802,476650318.0,2
2,2020,2,1,3,3,787360,333173,693,2750,1,0.630678352,0.656392337,0.762356896,2598288000.0,0
1,2018,3,1,1,1,1449971,133981,1451,695,0,0.853436882,0.824570866,0.559335916,1007729845.0,2
2,2018,0,1,1,0,826571,365783,990,714,0,0.813450736,0.627856954,0.480435897,501645939.9,1
0,2022,2,1,2,1,1398902,164010,691,1238,1,0.77438698,0.872552658,0.882313213,2078208811.2,0
0,2022,3,0,3,0,1479551,457861,903,1936,0,1.0,0.775230194,0.591743398,2864410736.0,2
3,2019,2,0,1,3,1097578,81105,1180,2810,1,0.657376927,0.882089868,0.846488931,3701033016.0,0
0,2020,1,0,2,2,1071302,456884,1401,840,1,0.738837926,0.766463883,0.835100603,1079872416.0,0
3,2020,0,0,3,1,635150,309021,384,1949,0,0.455533469,0.677895555,0.377809675,1052221247.5,1
0,2021,2,0,0,1,1495893,197032,1353,2245,1,0.924098983,0.608263367,0.844120783,4029935742.0,0
1,2019,1,0,0,1,550519,176519,348,383,1,0.630172155,0.664458861,0.764877005,253018532.4,0
0,2019,1,1,2,0,1290474,192429,1468,570,1,0.908570515,0.848728103,0.919099539,882684216.0,0
3,2019,0,1,0,3,1073340,414883,368,2591,0,0.89280452,0.695206121,0.52933688,2781023940.0,2
3,2019,1,0,1,1,514389,363940,1381,687,1,1.0,0.766091939,0.922030646,424062291.6,0
2,2020,3,0,3,1,858105,327948,996,513,0,0.847391336,0.720697135,0.522696157,440207865.0,2
1,2020,0,1,1,2,1092399,177732,778,358,0,0.696587006,0.724966118,0.473851041,332417015.7,1
0,2019,2,1,1,2,1391490,195698,1119,1925,1,0.818043444,0.728815968,0.848953137,3214341900.0,0
2,2021,0,1,0,3,1380147,209204,1494,1142,0,0.636112073,0.749534149,0.461882074,1339708692.9,1
0,2018,1,0,1,3,1337165,320095,446,1827,1,0.797874027,0.618589251,0.805487759,2931600546.0,0
0,2018,0,0,0,4,1321186,449665,1315,2029,0,0.719864624,0.672509573,0.464124732,2278583434.9,1
2,2021,2,0,3,2,1436128,331209,908,422,1,0.739449233,0.730931333,0.823460189,727255219.1999999,0
2,2019,3,1,3,4,1372318,413647,745,1736,0,0.615245027,0.716348722,0.443864583,2024992440.8,1
2,2020,2,1,1,0,657753,155072,520,1462,1,0.795066909,0.65387954,0.816315483,1153961863.2,0
2,2018,1,0,2,4,1113812,190202,394,2786,1,0.873634504,0.741660091,0.871764865,3723696278.4,0
2,2022,0,0,0,1,843150,139360,561,861,0,0.502185481,0.622885864,0.375023782,617059327.5,1
0,2022,3,1,0,4,1311136,112287,1196,2465,0,0.646711102,0.577699383,0.408136828,2747157704.0,1
2,2021,3,1,1,3,997488,288009,1394,2037,0,0.775207075,0.729498577,0.501568551,2031883056.0,2
1,2019,1,1,0,0,594913,232774,518,1204,1,0.397902504,0.580150826,0.65935111,716275252.0,2
3,2018,0,1,0,1,1118396,218065,391,694,0,1.0,0.7280124,0.576004133,776166824.0,2
2,2019,2,0,2,4,1279091,212947,426,2026,1,0.643333378,0.5045319,0.715955093,2591438366.0,2
2,2018,1,1,2,0,769637,296356,379,2016,1,0.609286872,0.627501216,0.745596029,1551588192.0,2
0,2021,0,1,1,0,569639,187126,1282,1234,0,0.718898659,0.667242309,0.462046989,597494347.1,1
2,2021,1,1,2,1,731452,280881,1215,1401,1,0.770605926,0.539336483,0.769980803,1229717102.4,0
2,2022,2,0,1,4,816527,157357,785,1735,1,0.636529065,0.662732773,0.766420613,1700009214.0,0
2,2019,3,0,3,0,1158354,491733,993,374,0,0.89706205,0.818501964,0.571854671,433224396.0,2
0,2022,3,1,1,0,1224640,257440,324,594,0,0.809955981,0.572969127,0.460975036,618320736.0,1
2,2019,3,1,3,2,809378,79670,455,320,0,0.624413716,0.665462675,0.429958797,220150816.0,1
3,2022,2,1,1,0,1464795,361256,931,1338,1,0.671639232,0.870264467,0.847301233,2351874852.0,0
0,2020,1,0,0,2,1152962,400532,1380,1534,1,0.522484546,0.593813914,0.70543282,1768643708.0,2
3,2020,1,0,2,4,986084,401300,318,859,1,0.561998866,0.839722335,0.800573734,1016455387.2,0
0,2020,2,0,3,4,1029882,209379,536,1409,1,0.808139749,0.672099472,0.826746407,1741324485.6,0
2,2020,2,1,1,4,1261195,294159,576,1472,1,0.625970317,0.710191209,0.778720508,2227774848.0,0
3,2018,1,0,2,3,769515,248159,1044,671,1,1.0,0.829148223,0.943049408,619613478.0,0
0,2020,2,1,1,4,1071603,360066,851,2327,1,0.76063848,0.651490206,0.804042895,2992344217.2,0
1,2021,0,1,2,0,1238924,244152,1476,1117,0,0.547076486,0.763102567,0.436726351,1176296391.8,1
2,2021,3,1,2,1,1151539,405492,938,1474,0,0.578497907,0.788459711,0.455652539,1442763213.1,1
0,2018,0,0,1,2,732520,129335,536,1464,0,0.907945454,0.634918599,0.514288018,1072409280.0,2
1,2020,3,1,3,3,1103814,338456,1297,1392,0,0.73852296,0.623856983,0.454126648,1306032724.8,1
0,2020,1,0,3,4,743459,116985,354,1583,1,0.898799224,0.67713969,0.858646305,1412274716.4,0
1,2020,2,0,0,4,1171986,180744,983,2311,1,0.695026803,0.680268466,0.79176509,3250151575.2,0
2,2022,3,1,2,1,1372437,301713,408,1145,0,0.665965186,0.592105202,0.419356796,1335724310.25,1
3,2019,3,1,0,1,737330,413107,672,2291,0,0.917917106,0.63583995,0.517919019,1689223030.0,2
1,2022,1,0,0,3,605573,221349,1272,820,1,0.621213393,0.353309584,0.658174326,496569860.0,2
0,2019,2,1,1,2,1424634,81551,500,670,1,0.82335812,0.666572732,0.829976951,1145405736.0,0
2,2020,0,0,1,4,637900,139813,1148,1742,0,0.718232458,0.789439418,0.502557292,1111221800.0,2
1,2020,1,1,1,3,819658,499813,808,400,1,0.881808512,0.533331087,0.805046533,393435840.0,0
0,2022,3,0,2,0,1000364,413169,574,960,0,1.0,0.653685547,0.551228516,960349440.0,2
0,2022,3,0,1,0,1005740,436486,510,1981,0,0.691173348,0.944233281,0.545135543,1992370940.0,2
0,2019,2,0,1,3,735707,226284,803,542,1,0.667928679,0.697743996,0.788557558,478503832.8,0
1,2021,2,0,2,4,1208024,59637,1441,811,1,0.849871258,0.835679437,0.895183565,1175648956.8,0
1,2019,3,1,2,3,1004917,355402,1002,2902,0,0.587699461,0.598808468,0.395502643,2478828763.9,1
1,2022,2,1,3,4,1173243,478909,341,2573,1,0.992469819,0.744881841,0.912450553,3622505086.8,0
3,2022,1,0,1,1,1198419,453040,614,1841,1,0.966903383,0.581778177,0.84956052,2647547254.8,0
1,2018,2,0,1,3,977294,179553,1087,2561,1,0.600132054,0.740106461,0.780079505,3003419920.8,0
1,2022,1,1,1,4,1198292,76950,628,2414,1,0.512531277,0.784224823,0.765585367,3471212265.6,0
1,2018,1,1,3,3,1023116,466704,1340,695,1,0.575913427,0.760497585,0.778803671,853278744.0,0
3,2021,1,1,1,3,954485,177870,582,911,1,0.578194554,0.665506267,0.747900274,869535835.0,2
1,2019,1,1,3,4,1013066,50215,1242,1560,1,0.870264085,0.727493357,0.865919147,1896459552.0,0
0,2019,3,1,0,4,1362418,417747,557,2157,0,0.982375547,0.728449194,0.570274914,2938735626.0,2
1,2018,3,1,3,2,1372391,323667,874,1069,0,0.868518932,0.766598966,0.545039299,1467085979.0,2
0,2019,0,0,0,3,764179,380833,873,1722,0,0.714571168,0.687623305,0.467398158,1118528802.3,1
0,2022,2,1,1,0,609767,73834,911,706,1,0.80137477,0.79311388,0.86482955,516594602.4,0
0,2020,0,1,0,3,933961,346618,1342,2172,0,0.619533295,0.84346054,0.487664612,1724278798.2,1
3,2018,1,0,3,3,1041529,93066,1136,1803,1,0.914581207,0.668213255,0.860931487,2253452144.4,0
3,2019,2,1,2,4,1077263,322544,722,2994,1,0.814804341,0.704643973,0.839816105,3870390506.4,0
3,2018,3,1,0,3,654226,437355,1057,2569,0,0.865979667,0.609518522,0.49183273,1428600604.9,1
1,2018,1,1,0,3,1443129,60345,1062,1479,1,0.640869645,0.734025732,0.791631792,2561265349.2,0
0,2020,1,1,1,0,1462454,83896,1404,953,1,0.724710422,0.734663773,0.819791398,1672462394.4,0
3,2022,2,1,3,4,991818,341043,723,2775,1,0.858760971,0.705798639,0.854853203,3302753940.0,0
3,2018,3,0,0,3,556396,340373,728,1481,0,0.966526935,0.713339965,0.559955633,824022476.0,2
1,2019,1,1,0,1,992443,317727,503,1276,1,0.658785036,0.892182639,0.850322558,1519628721.6,0
3,2021,2,0,0,2,618920,448113,495,1739,1,0.867067786,0.41132772,0.759465169,1291562256.0,0
1,2018,2,0,0,0,906547,121537,1027,2718,1,0.643189231,0.650334312,0.764507848,2956793695.2,0
2,2018,1,1,2,3,694999,290489,584,1667,1,1.0,0.665627632,0.888542544,1390275999.6,0
3,2020,1,0,3,1,1110514,447783,495,528,1,0.687776294,0.845691261,0.844489185,703621670.4,0
2,2022,1,1,1,3,1109007,124807,606,2627,1,0.846525776,0.747528881,0.864684886,3496033666.8,0
1,2021,2,0,1,3,563014,179648,313,2193,1,0.774841442,0.749968584,0.841603342,1481627642.4,0
0,2019,1,0,2,4,1063634,424796,1469,1613,1,1.0,0.825985619,0.941995206,2058769970.4,0
3,2021,3,1,3,4,1094699,194401,1380,1370,0,0.784485241,0.68200433,0.488829857,1274776985.5,1
1,2019,2,1,0,4,685550,282117,1022,1274,1,0.672741597,0.765232654,0.812658083,1048068840.0,0
0,2022,1,1,2,1,1167614,298780,1079,2038,1,0.845925977,0.646923411,0.830949796,2855516798.4,0
0,2019,1,1,3,3,686806,383936,828,1057,1,0.84258613,0.594669367,0.812418499,871144730.4,0
2,2020,0,1,0,2,921837,443444,1097,620,0,0.72637952,0.879416699,0.535265406,571538940.0,2
1,2020,1,0,2,0,838585,263286,643,2621,1,0.58578512,0.736903173,0.774229431,2637517542.0,0
0,2020,0,0,3,4,546121,87052,508,855,0,0.670800171,0.764466259,0.478422143,396893436.75,1
3,2020,1,0,1,4,1236778,96032,940,1143,1,0.882224842,0.591982532,0.824735791,1696364704.8,0
3,2021,3,0,1,3,822341,345830,551,1636,0,0.487882658,0.751035265,0.412972641,1143547394.6,1
2,2022,1,0,3,3,584577,389125,570,1686,1,0.712793115,0.877823275,0.863538797,1182716186.4,0
0,2019,2,0,1,1,856778,148802,1219,967,1,0.899229588,0.672254993,0.857161527,994205191.2,0
1,2019,3,0,3,1,749106,446025,718,2727,0,0.735975567,0.574420056,0.436798541,1736390252.7,1
3,2020,2,1,0,4,935647,284337,1094,2242,1,1.0,0.718397619,0.90613254,2517264688.8,0
0,2020,1,1,3,3,992461,222857,1399,2304,1,0.488302464,0.596410309,0.694904258,2286630144.0,2
0,2018,2,0,0,2,1386643,479763,1024,2230,1,0.60579482,0.54422013,0.71667165,3092213890.0,2
2,2022,2,0,2,0,1160197,354962,732,1045,1,0.40280493,0.626523431,0.676442787,1212405865.0,2
3,2021,1,1,3,3,1005200,412566,408,974,1,1.0,0.650740221,0.883580074,1174877760.0,0
3,2019,2,1,2,3,983241,384071,940,2463,1,0.608251927,0.601275021,0.736508983,2421722583.0,2
1,2018,2,1,1,1,976379,246753,1370,2952,1,0.451961803,0.832646678,0.76153616,3458724969.6,0
3,2018,1,1,0,0,1488736,391609,678,1365,1,0.658212103,0.888961,0.849057701,2438549568.0,0
1,2019,0,0,3,4,1466498,270934,1419,2726,0,0.541078634,0.761808802,0.434295812,3398022515.8,1
3,2021,1,1,2,3,972295,276599,1257,2813,1,0.659282266,0.738419549,0.799233939,3282079002.0,0
2,2018,2,0,0,4,905831,163221,402,2627,1,0.756184388,0.685795189,0.813993192,2855541644.4,0
3,2018,2,0,0,3,1025754,349477,1191,917,1,0.870738166,0.610366719,0.827034961,1128739701.6,0
1,2022,2,0,1,4,1317203,176457,1153,2465,1,0.723799659,0.860291023,0.861363561,3896286474.0,0
1,2021,1,1,1,0,846030,328720,1469,2656,1,0.753793605,0.69371465,0.815836085,2696466816.0,0
2,2018,2,1,0,1,828055,169875,1350,2447,1,0.662760717,0.653741453,0.77216739,2431500702.0,0
3,2021,3,0,0,0,1253926,351549,829,2608,0,0.523245266,0.801475662,0.441573643,2779703156.8,1
3,2019,1,0,3,2,913962,406144,978,1292,1,0.473018964,0.692641581,0.721886848,1180838904.0,2
2,2020,3,0,0,1,588422,81601,1288,1628,0,0.695327133,0.797729424,0.497685519,814258363.6,1
3,2018,0,1,3,0,1003100,380090,1405,1677,0,0.762695967,0.659025129,0.473907032,1429868895.0,1
3,2022,0,0,0,2,1478243,364260,727,585,0,0.684207822,0.801763693,0.495323838,735056331.75,1
1,2019,0,1,1,3,835513,154186,1121,2675,0,0.478600951,0.797976722,0.425525891,1899747683.75,1
3,2021,1,0,3,3,1288325,375038,1485,2410,1,0.780210014,0.832482842,0.870897619,3725835900.0,0
3,2019,0,0,2,4,792717,215707,1231,986,0,0.994395732,0.629057516,0.541151083,781618962.0,2
2,2018,1,0,1,1,1121195,319609,1361,1605,1,0.732803023,0.691696056,0.80816636,2159421570.0,0
2,2021,0,1,3,3,1458378,106754,810,1764,0,0.663070413,0.894777008,0.519282474,2572578792.0,2
0,2020,0,1,3,1,1232722,279047,692,1037,0,0.740925894,0.675358792,0.472094895,1086582806.9,1
1,2019,0,0,2,3,1386388,142850,1012,2986,0,0.584343023,0.78110258,0.455148534,3518791382.8,1
3,2018,3,1,3,4,1242820,421909,793,2258,0,0.574665131,0.929056502,0.501240544,2806287560.0,2
3,2022,1,0,0,0,1282381,266191,846,2194,1,0.817712113,0.51509588,0.777602665,3376252696.8,0
0,2021,1,1,2,4,1405012,404835,893,2823,1,0.898548229,0.672044436,0.856864222,4759618651.2,0
3,2019,1,1,1,2,926583,88871,688,1785,1,0.727935247,0.700187018,0.809374089,1984740786.0,0
1,2019,1,1,1,3,652271,243946,457,2400,1,0.453935243,0.520112134,0.658015792,1565450400.0,2
0,2020,0,0,0,2,853548,341655,1327,785,0,0.803002339,0.654402878,0.485801739,569529903.0,1
1,2020,2,1,1,2,1229688,393104,466,1813,1,1.0,0.602861872,0.867620624,2675309212.8,0
0,2022,1,1,3,1,1344156,492037,1259,2301,1,0.713415275,0.785768547,0.833061274,3711483547.2,0
0,2022,1,0,3,3,1372565,377920,708,1687,1,0.723323134,0.526735264,0.750019466,2778620586.0,0
2,2018,3,0,0,2,667477,299200,493,2756,0,0.61910497,0.888932262,0.502679078,1839566612.0,2
1,2018,0,0,1,0,729304,251239,534,1330,0,0.8222031,0.768989741,0.530397614,969974320.0,2
3,2022,0,0,1,2,1040277,356606,1017,2065,0,0.64935248,0.594617842,0.414656774,1825946204.25,1
3,2022,0,1,0,0,1315363,284453,1473,967,0,0.903225285,0.802641945,0.56862241,1271956021.0,2
1,2021,1,1,2,1,1295722,82574,1482,1520,1,0.651362918,0.759697967,0.803686962,2363396928.0,0
3,2020,1,1,1,2,1455871,152072,1115,1134,1,0.80126872,0.696123238,0.832463986,1981149256.8,0
3,2018,1,1,2,4,1145424,485126,703,1175,1,0.743048363,0.627854312,0.790300892,1615047840.0,0
1,2020,2,1,1,1,842022,254603,1192,2714,1,0.983266743,0.754766328,0.91267769,2742297249.6,0
0,2020,2,0,1,0,852621,206258,977,1301,1,0.811421908,0.712292037,0.841237982,1331111905.2,0
1,2022,2,1,1,1,972697,203885,367,549,1,0.958051098,0.631075949,0.863042349,640812783.6,0
0,2021,2,1,1,2,1231658,259884,387,2239,1,0.766293525,0.565674491,0.777322672,3309218714.4,0
3,2019,3,1,3,3,1150587,266597,516,1918,0,0.724388955,0.614941098,0.446443351,1875801986.1,1
3,2021,3,0,2,3,1185493,390426,300,1563,0,0.744271385,0.649670214,0.4646472,1574986725.15,1
3,2021,3,0,2,0,1267976,159779,1458,2727,0,0.63428862,0.816248728,0.483512449,2939104969.2,1
2,2020,1,1,1,0,1129974,68557,439,1171,1,0.829750318,0.786075895,0.871942071,1587839464.8,0
0,2021,2,0,1,3,1444556,209132,917,1134,1,0.646446249,0.654993247,0.767146498,1965751804.8,0
2,2018,0,0,2,0,869430,384248,432,1218,0,0.766869456,0.658880604,0.47525002,900120879.0,1
2,2020,2,0,3,1,978705,281977,477,2024,1,0.878280295,0.799135228,0.892471841,2377078704.0,0
1,2018,3,0,0,4,802619,187152,1109,2802,0,0.987532336,0.726734675,0.571422337,2248938438.0,2
2,2019,2,0,0,4,1106954,194926,679,2713,1,0.774429013,0.725341476,0.83325683,3603799442.4,0
1,2020,0,0,2,1,858766,434157,1207,1613,0,0.879181058,0.629662459,0.502947839,1385189558.0,2
1,2019,3,0,1,4,1213016,248767,957,2197,0,0.861283163,0.687658114,0.516313759,2664996152.0,2
2,2020,1,1,1,2,1159993,208097,749,702,1,0.692643436,0.700426167,0.797689868,977178103.2,0
0,2022,0,1,3,1,910520,234054,885,2405,0,1.0,0.690880825,0.563626942,2189800600.0,2
0,2021,0,0,0,0,607573,91081,762,2868,0,0.66356367,0.773406791,0.478990154,1481141459.4,1
0,2022,0,1,3,1,1253180,447584,1289,1627,0,0.763649194,0.776535384,0.513394859,2038923860.0,2
0,2019,2,1,0,3,1332978,280693,1431,1438,1,0.968117963,0.608104217,0.858740727,2300186836.8,0
0,2021,1,0,2,0,769152,431325,421,509,1,0.964418736,0.649978548,0.871465762,469798041.6,0
2,2020,0,1,0,3,810435,339238,316,1364,0,0.75214806,0.631262647,0.461136902,939618339.0,1
2,2021,1,0,3,0,658477,489256,626,1115,1,0.898562512,0.838852577,0.912471696,881042226.0,0
3,2018,2,0,3,4,748141,378910,617,2520,1,0.71640415,0.925349053,0.880584401,2262378384.0,0
0,2021,0,0,3,1,798530,395197,1108,533,0,0.676698166,0.653637862,0.443445343,361774016.5,1
2,2018,1,1,2,2,1115197,205063,802,1092,1,0.568081639,0.683290475,0.750457371,1461354148.8,0
3,2021,3,1,0,0,651899,313445,418,2207,0,0.858582205,0.784231483,0.547604563,1438741093.0,2
0,2018,3,1,0,0,1319472,209682,1009,1913,0,0.87438314,0.629278892,0.501220677,2524149936.0,2
1,2019,1,1,3,3,1084642,131463,344,2466,1,0.664816606,0.786490833,0.817102479,3209672606.4,0
3,2022,3,0,0,4,840687,215750,613,634,0,0.790215005,0.697913074,0.496042693,453046224.3,1
2,2020,1,0,1,3,1042445,336610,717,1659,1,1.0,0.52562603,0.841875343,2075299506.0,0
1,2021,2,1,1,3,1059603,484091,855,1939,1,0.922002345,0.569956642,0.830652996,2465484260.4,0
1,2022,3,0,1,4,798076,76081,1401,1397,0,0.614777409,0.666214593,0.426997334,947675346.2,1
1,2020,1,0,0,2,914380,74354,625,1514,1,0.900234342,0.822294855,0.907509732,1661245584.0,0
3,2020,0,1,2,3,1169774,143297,814,623,0,0.615470733,0.61074654,0.408739091,619453821.6999999,1
2,2018,2,0,2,3,1282957,330444,513,2090,1,0.315717253,0.64658994,0.654102398,2681380130.0,2
1,2019,1,1,2,0,1431831,114384,373,583,1,0.746938179,0.721112423,0.822683534,1001708967.6,0
0,2019,2,0,2,4,1400312,407171,808,512,1,0.984480219,0.533123504,0.839201241,860351692.8,0
1,2022,1,1,1,1,632018,171684,631,1958,1,0.959617194,0.729855328,0.896490841,1484989492.8,0
1,2019,3,0,1,2,1301125,373036,1416,2041,0,0.806585275,0.545625991,0.450737089,2257256706.25,1
3,2021,1,0,3,2,789385,85525,987,1228,1,0.668740588,0.756718421,0.808486336,1163237736.0,0
3,2019,2,1,0,4,1401626,469748,956,1051,1,0.822967453,0.619122192,0.814029881,1767730711.2,0
2,2022,1,1,0,0,595790,56464,1327,1717,1,0.709625974,0.605795086,0.77180702,1227565716.0,0
0,2019,2,1,2,0,1433044,66562,1461,2686,1,0.672951646,0.727279662,0.800077103,4618987420.8,0
3,2021,2,1,1,4,1096543,419536,899,2121,1,0.90930033,0.779399051,0.896233127,2790921243.6,0
1,2018,0,0,2,0,1220117,105514,1375,1345,0,0.671094633,0.737625986,0.46957354,1394898760.25,1
2,2022,0,0,3,2,672275,425572,624,2094,0,0.919085483,0.72076435,0.546616611,1407743850.0,2
1,2018,1,1,0,2,1442585,162564,1291,2192,1,0.661172106,0.722180221,0.794450776,3794575584.0,0
1,2018,1,0,0,1,1217221,420191,1016,404,1,1.0,0.738232189,0.912744063,590108740.8,0
3,2018,2,1,2,4,761439,82634,1022,1789,1,0.503904834,0.74480362,0.749569485,1362214371.0,2
2,2020,2,1,3,3,511350,312204,576,1782,1,0.6064846,0.660571895,0.755685498,1093470840.0,0
0,2020,0,0,0,3,1210872,321413,835,1755,0,0.72669484,0.765450295,0.497381712,1806318306.0,1
0,2018,0,0,3,1,818953,244215,451,1069,0,0.452393415,0.620180977,0.357524797,744141643.4499999,1
3,2022,2,1,3,1,601894,73065,1254,2259,1,0.364352079,0.809139326,0.724497135,1359678546.0,2
3,2021,0,1,2,0,859701,315039,558,2327,0,0.453688857,0.778244365,0.410644407,1700445592.95,1
2,2021,2,1,1,1,936048,393003,623,678,1,0.706186618,0.9180901,0.874758906,761568652.8,0
0,2019,1,0,2,1,1445873,193424,1316,1012,1,0.709993499,0.751384845,0.820459448,1755868171.2,0
0,2022,1,0,1,3,1056016,492953,1168,1672,1,0.799949922,0.790909969,0.863619964,2118790502.4,0
0,2020,3,0,3,0,779720,154127,1491,524,0,0.720449778,0.543946171,0.421465316,347287288.0,1
1,2018,1,0,1,1,922217,146426,987,2037,1,0.79492747,0.794169674,0.863032381,2254267234.8,0
0,2019,1,1,3,1,1020841,475232,609,1037,1,0.682467538,0.817645602,0.833371047,1270334540.4,0
1,2021,1,1,0,0,583384,242376,1102,535,1,0.857222364,0.850472129,0.902564831,374532528.0,0
2,2020,3,1,0,4,500390,61962,1379,482,0,0.8391465,0.712046635,0.517064379,241187980.0,2
1,2020,2,1,0,0,980751,83302,919,1011,1,0.700996107,0.665810662,0.78893559,1189847113.2,0
2,2018,2,1,2,3,1331868,397526,772,2192,1,0.829951715,0.591048522,0.807000079,3503345587.2,0
0,2021,0,1,2,4,1035857,54011,760,2791,0,0.72140311,0.600196404,0.440533171,2457415353.95,1
0,2022,3,0,3,2,906245,441860,1113,2188,0,0.521651113,0.697439333,0.406363482,1685434451.0,1
2,2020,3,0,0,0,522490,69782,1145,922,0,0.885674496,0.5248562,0.470176899,409475413.0,1
3,2018,1,1,2,3,1332307,248763,1464,1559,1,0.613977593,0.623178139,0.745718577,2077066613.0,2
2,2022,1,1,0,4,994080,170654,966,1450,1,0.884073593,0.708952205,0.864341933,1729699200.0,0
3,2021,1,0,2,0,1292299,482941,561,1048,1,0.798604016,0.706720345,0.83510812,1625195222.4,0
1,2020,0,0,1,1,1105108,59196,654,2502,0,0.737321654,0.603060625,0.446794093,2350233183.6,1
1,2022,0,0,1,0,861659,93459,1069,2604,0,0.468450991,0.576613669,0.348354887,1907196030.6,1
1,2022,1,0,0,2,771265,137245,479,2582,1,0.980961834,0.591548754,0.857503529,2389687476.0,0
0,2022,1,1,3,0,501539,128863,365,2847,1,0.695532921,0.677914784,0.791149235,1713457839.6,0
1,2020,2,1,2,4,910243,435350,1119,2636,1,0.845184538,0.912979714,0.919388084,2879280657.6,0
3,2020,3,1,2,4,889546,300463,470,809,0,0.732903881,0.806033909,0.512979263,719642714.0,2
1,2019,1,1,1,0,1360661,413154,773,1875,1,0.7092847,0.72141944,0.810234713,3061487250.0,0
2,2021,1,1,1,4,1426425,82769,833,2123,1,0.778921176,0.755389077,0.844770084,3633960330.0,0
2,2018,1,0,3,1,812579,419673,1430,1084,1,0.753985843,0.801586487,0.851857443,1057002763.2,0
0,2022,2,1,3,0,1015584,306433,738,2645,1,0.709951081,0.767561865,0.825837649,3223463616.0,0
2,2019,1,0,3,1,1427814,74700,1134,436,1,0.741702816,0.669179003,0.803627273,747032284.8,0
3,2018,2,1,0,1,563965,296864,526,2723,1,0.814059698,0.615441179,0.809833626,1842812034.0,0
1,2019,3,1,1,3,1015249,261428,741,2434,0,0.824672877,0.687472583,0.504048486,2471116066.0,2
0,2020,3,1,0,0,873192,281237,695,2077,0,0.756503582,0.800424167,0.518975916,1813619784.0,2
1,2022,2,1,1,4,1382876,317413,1027,1522,1,0.843140548,0.672960882,0.838700477,2525684726.4,0
1,2018,1,1,1,1,832066,433775,383,2784,1,0.686389529,0.589532437,0.758640655,2779766092.8,0
3,2018,0,0,2,3,597799,356024,1336,1633,0,1.0,0.527655201,0.5092184,976205767.0,2
2,2018,3,0,1,0,593948,164003,992,2077,0,0.972838291,0.687896924,0.553578405,1233629996.0,2
2,2018,3,0,1,0,976055,189392,792,1604,0,0.864366449,0.597435776,0.487267408,1330753387.0,1
1,2018,2,1,0,2,643314,99589,1443,1063,1,0.458762926,0.656348411,0.705037112,683842782.0,2
0,2019,3,1,1,2,748099,300606,1269,1001,0,0.840902871,0.845623253,0.562175375,748847099.0,2
2,2022,0,0,0,1,1295379,257348,652,451,0,0.699504438,0.694615029,0.464706489,496583539.65,1
0,2020,0,1,3,2,1267610,85897,1380,1625,0,0.60319789,0.624953923,0.409383938,1750886312.5,1
2,2020,0,1,1,1,1226826,239637,339,1601,0,0.695685592,0.730875128,0.47552024,1669526162.1,1
0,2020,3,0,1,4,1259066,212002,939,2011,0,0.61982479,0.892095467,0.503973419,2531981726.0,2
3,2020,1,1,0,1,755821,238305,472,1331,1,0.826020464,0.687930375,0.837983613,1207197301.2,0
0,2019,3,0,3,2,1217176,263893,558,1106,0,0.992399109,0.46444737,0.485615493,1144267157.6,1
3,2021,2,1,2,4,810929,326524,816,534,1,0.873904319,0.765007658,0.879637325,519643303.2,0
3,2022,0,0,3,2,1406395,257968,1029,860,0,1.0,0.734643006,0.578214335,1209499700.0,2
0,2018,1,1,0,1,1286939,120934,822,1625,1,0.516958136,0.709012236,0.741990124,2091275875.0,2
3,2021,2,1,3,3,960188,105830,1138,337,1,0.674094794,0.678082274,0.784059023,388300027.2,0
1,2020,1,0,0,0,1182511,317673,416,1459,1,0.608546221,0.619272783,0.742606335,1725283549.0,2
3,2021,1,1,0,2,511618,302364,483,720,1,0.934405247,0.851497422,0.928634223,442037952.0,0
2,2022,0,1,2,1,836430,406742,1439,1542,0,0.716917446,0.516169067,0.411028838,1096308801.0,1
0,2018,0,0,1,4,778266,283294,461,647,0,0.778427429,0.669103892,0.48251044,428007386.7,1
1,2018,1,1,0,2,1162714,132987,842,2131,1,0.84505283,0.666765983,0.837272938,2973292240.8,0
0,2022,2,0,0,2,1396030,99178,1138,1869,1,0.531781672,0.78534418,0.772375284,3131016084.0,0
2,2022,1,1,2,0,1448483,188009,1389,2218,1,0.656797656,0.823566065,0.826787907,3855282352.8,0
2,2020,1,1,0,1,1110724,434096,1393,2620,1,0.899589893,0.677326619,0.858972171,3492116256.0,0
2,2018,2,1,1,3,710448,89886,746,2201,1,0.667786815,0.719296585,0.795694467,1876435257.6,0
3,2021,1,1,2,4,1470278,99699,715,2655,1,0.492953555,0.727798681,0.740250745,3903588090.0,2
3,2019,3,0,1,1,995919,126396,831,1697,0,0.614660567,0.805332624,0.473331064,1436563361.55,1
0,2019,1,1,1,4,636109,140678,740,2124,1,0.707059792,0.803273045,0.836777612,1621314619.2,0
0,2022,2,0,2,2,528633,75279,1037,2791,1,0.775014078,0.646158646,0.807057575,1770497643.6,0
1,2020,3,1,0,0,1310927,481322,763,1528,0,0.739378004,0.74379014,0.494389381,1702631987.6,1
1,2019,1,1,1,0,1350982,160776,695,704,1,0.657867324,0.738325179,0.798730834,1141309593.6,0
0,2018,0,1,1,3,712456,151444,1010,2021,0,0.890897016,0.688409005,0.52643534,1439873576.0,2
3,2022,1,1,1,0,798627,418444,694,1520,1,0.73064086,0.737378173,0.822673011,1456695648.0,0
2,2021,3,0,1,2,875325,163793,625,414,0,0.781410204,0.702018776,0.494476327,308026867.5,1
0,2022,1,0,2,3,966589,428422,1414,1976,1,0.665856603,0.71578906,0.793881888,2291975836.8,0
1,2021,2,0,2,1,796213,260809,1049,364,1,0.97634104,0.564399369,0.846913469,347785838.4,0
3,2022,0,0,3,0,638442,221616,1393,1599,0,0.691255334,0.608203863,0.433153066,867738444.3,1
0,2022,1,1,3,3,1144161,415391,1489,1124,1,0.76120393,0.781775551,0.847659827,1543244356.8,0
0,2022,2,0,1,2,1403275,292262,941,2586,1,0.905249916,0.578941212,0.82806371,4354642980.0,0
3,2021,2,0,0,4,571947,58997,513,2649,1,0.792006339,0.747010921,0.846339087,1818105123.6,0
0,2021,0,1,1,4,670205,156102,668,1715,0,0.788263454,0.691857402,0.493373619,976991338.75,1
3,2022,0,1,0,2,1251395,397855,348,1268,0,0.453951674,0.803065473,0.419005716,1348753531.0,1
2,2019,3,1,1,2,595761,428189,1375,668,0,0.85209525,0.764880054,0.538991768,397968348.0,2
3,2020,2,1,3,4,875897,90860,432,532,1,0.758338041,0.654672083,0.804336708,559172644.8,0
3,2020,2,0,3,3,1418196,315369,1298,2542,1,0.831234765,0.677675165,0.83630331,4326065078.4,0
3,2020,1,0,0,4,1053214,160114,1085,1206,1,0.777481957,0.501446219,0.759642725,1524211300.8,0
0,2021,2,1,1,2,1386214,163218,1489,1220,1,0.666126366,0.686960188,0.784362185,2029417296.0,0
0,2021,1,1,0,0,604700,412908,672,988,1,0.884146075,0.572985126,0.819043734,716932320.0,0
3,2019,1,1,3,1,836128,157041,778,476,1,0.779718992,0.678129364,0.819282785,477596313.6,0
0,2020,3,0,1,0,936606,424368,1131,2564,0,0.556592026,0.636208177,0.397600068,2041239116.4,1
1,2020,2,0,1,0,1073881,375800,949,1334,1,0.946277573,0.61233708,0.852871551,1719068704.8,0
1,2022,3,1,0,2,1362041,495096,981,1769,0,0.535428065,0.818772451,0.451400172,2048032949.65,1
0,2021,2,1,2,4,505209,242150,987,929,1,0.885139385,0.57237891,0.819172765,563206993.1999999,0
0,2020,2,0,0,3,1150988,126290,381,463,1,0.973039766,0.603693489,0.858911085,639488932.8,0
3,2019,2,1,3,0,899749,106633,386,2400,1,0.584055685,0.630178896,0.738078193,2159397600.0,2
2,2019,3,1,3,4,1110885,338799,524,2565,0,0.731585732,0.651888194,0.461157975,2422007021.25,1
0,2020,0,0,3,3,769355,171118,315,1123,0,0.717607763,0.612322149,0.443309971,734387815.25,1
1,2021,0,1,3,0,509927,224673,1121,2732,0,0.724354327,0.664085151,0.462813159,1184152479.4,1
3,2019,0,0,3,3,1232823,53114,462,355,0,1.0,0.730215432,0.576738477,437652165.0,2
0,2022,3,1,2,4,1141621,338646,813,417,0,0.585792169,0.766985876,0.450926015,404647563.45,1
1,2019,2,1,1,1,655666,99768,649,1097,1,0.704014943,0.762130796,0.82204858,863118722.4,0
1,2018,1,0,0,4,1230212,360272,980,1079,1,0.975498375,0.509179742,0.828226039,1592878497.6,0
2,2018,0,0,0,2,708785,463244,1415,1738,0,0.701557676,0.738019589,0.479859088,1047088080.5,1
3,2021,0,1,3,3,838526,498781,480,2193,0,0.609633043,0.744189849,0.451274297,1563054390.3,1
3,2020,1,0,0,1,639005,133123,1042,1007,1,0.789452202,0.633760086,0.807737429,772173642.0,0
2,2021,1,1,3,3,1128068,158255,959,1403,1,0.870846081,0.866768421,0.912538167,1899215284.8,0
2,2021,1,1,2,3,1064984,216405,792,321,1,0.691073854,0.808766623,0.833280159,410231836.8,0
3,2021,2,0,2,0,696521,53174,1222,1800,1,0.833155259,0.681697562,0.838284273,1504485360.0,0
3,2021,1,1,1,2,829760,167769,427,1142,1,0.543507736,0.640403169,0.727970302,947585920.0,2
0,2022,2,1,2,3,1423593,347542,864,2060,1,0.551845937,0.865144446,0.805663461,3519121896.0,0
0,2022,2,0,2,4,949764,479145,849,1416,1,0.683987058,0.698098626,0.794028561,1613838988.8,0
2,2019,0,0,1,4,657195,185393,752,491,0,0.838502613,0.708503706,0.515668773,322682745.0,2
0,2018,2,1,0,0,901013,435693,770,1318,1,0.864224697,0.70724566,0.857156786,1425042160.8,0
1,2021,3,0,3,2,550013,277043,1287,1426,0,0.572697593,0.930310447,0.50100268,784318538.0,2
0,2019,2,0,3,2,901562,292580,1037,695,1,0.858663106,0.678348474,0.845670526,751902708.0,0
0,2018,0,0,0,4,716486,236493,523,2987,0,0.774976056,0.697635802,0.490870619,1819122129.7,1
1,2020,2,0,1,1,926888,122635,453,1318,1,0.618119296,0.616893734,0.745004343,1221638384.0,2
2,2022,2,1,0,0,910869,335904,859,866,1,0.549871747,0.661050056,0.736973934,788812554.0,2
1,2018,2,1,2,0,1335988,454576,650,530,1,0.784473473,0.596860781,0.793778085,849688368.0,0
0,2020,2,1,1,4,1410155,191385,1470,1173,1,0.943434484,0.618926675,0.854120386,1984934178.0,0
2,2018,0,0,1,4,1263638,442818,648,2921,0,0.755328365,0.519004834,0.424777733,3137423608.3,1
0,2022,3,0,1,1,1050428,292878,481,539,0,0.609761873,0.788152457,0.465971443,481253588.2,1
1,2022,1,0,3,1,763328,267070,936,389,1,0.469796657,0.715674634,0.72849043,296934592.0,2
1,2019,3,0,0,2,927709,449017,1317,2579,0,0.979423627,0.723910929,0.567778185,2392561511.0,2
0,2021,1,0,1,0,1461652,326274,478,756,1,0.906277592,0.694756169,0.867011254,1326010694.4,0
3,2018,0,0,1,0,1180206,457487,1362,2580,0,0.795311527,0.707176602,0.500829376,3044931480.0,2
3,2018,2,0,1,4,611361,459291,1071,653,1,0.971699095,0.861913907,0.944537667,479062479.6,0
1,2020,1,1,0,2,1177555,419359,1193,1304,1,0.783587865,0.623122721,0.802236862,1842638064.0,0
1,2022,2,1,3,0,1292038,200056,1326,1656,1,0.670344457,0.72783568,0.799393379,2567537913.6,0
3,2018,3,0,2,2,897172,400239,1315,738,0,0.833269837,0.727299114,0.52018965,662112936.0,2
3,2022,2,0,3,2,516555,373086,363,1698,1,0.625541149,0.814198923,0.81324669,1052532468.0,0
0,2018,2,0,1,4,1024213,193933,328,644,1,0.600652827,0.743865481,0.781506103,791511806.4,0
0,2019,1,1,3,2,1114673,148970,671,956,1,0.865741066,0.748891884,0.871544317,1278752865.6,0
3,2021,1,1,3,1,911906,132203,396,2477,1,0.878363815,0.574173043,0.817512286,2710549394.4,0
0,2018,2,0,2,1,820646,242319,1292,2488,1,0.558939258,0.619109765,0.726016341,2041767248.0,2
0,2022,3,0,0,3,755658,250173,320,2762,0,0.564480348,0.58331116,0.382597169,1774058286.6,1
2,2019,1,1,0,4,942065,202049,1034,1416,1,0.683242546,0.45241282,0.711885122,1333964040.0,2
0,2018,0,1,3,3,1181707,493833,1425,925,0,0.643304275,0.739719934,0.46100807,929117128.75,1
1,2020,3,1,3,1,1254085,267726,1369,583,0,0.821473314,0.673837116,0.49843681,621461821.75,1
0,2021,0,1,0,3,603844,400321,365,2279,0,0.757207476,0.739907169,0.499038215,1169736404.6,1
0,2018,3,0,0,4,591321,122902,902,1978,0,0.924735939,0.703548928,0.542761622,1169632938.0,2
3,2019,3,1,2,4,1335488,142172,1487,522,0,0.797588659,0.724043632,0.507210763,697124736.0,2
1,2020,3,1,1,2,1219211,196702,1434,1043,0,0.653313476,0.833811541,0.495708339,1080891512.05,1
0,2019,2,0,3,0,598234,70056,637,762,1,0.466330671,0.700729509,0.722353393,455854308.0,2
0,2019,1,1,0,2,974718,188454,422,1868,1,0.776918398,0.766898922,0.847939106,2184927868.8,0
2,2020,2,1,3,4,1251993,105739,746,2005,1,0.493450783,0.669775631,0.721075472,2510245965.0,2
0,2019,1,1,3,1,1498922,393829,910,1463,1,0.651456714,0.782478812,0.811311842,2631507463.2,0
0,2020,0,0,0,1,1225571,98639,970,2704,0,0.641740983,0.576036235,0.405925739,2816852386.4,1
2,2018,1,1,2,2,1328282,489257,914,2036,1,0.673735933,0.51624438,0.729993438,2704382152.0,2
3,2020,1,0,3,4,971761,313136,1196,1346,1,0.552594861,0.910666047,0.821086969,1569588367.2,0
0,2020,3,0,2,1,789987,122394,580,964,0,0.641208509,0.883630415,0.508279641,761547468.0,2
2,2021,1,1,0,4,824464,379801,1366,1656,1,0.921885687,0.50544855,0.809111412,1638374860.8,0
1,2020,0,1,1,1,1054081,339304,895,1314,0,0.921472273,0.696388667,0.53928698,1385062434.0,2
3,2020,1,1,1,4,1457020,357300,1002,2432,1,0.979874966,0.714991634,0.898288867,4252167168.0,0
1,2018,1,1,3,3,1173217,232447,1374,2968,1,0.751521979,0.772297158,0.841273046,4178529667.2,0
1,2021,3,0,0,4,519627,398586,509,1354,0,0.790682869,0.87392089,0.55486792,703574958.0,2
2,2022,3,1,2,4,823966,200644,425,2064,0,0.924091713,0.593858975,0.505983562,1700665824.0,2
0,2018,2,1,3,2,977317,430069,791,2587,1,0.529400856,0.599231817,0.709544225,2528319079.0,2
2,2018,1,1,0,3,722633,54136,1259,2213,1,0.870844276,0.699882882,0.856909053,1919024194.8,0
2,2022,3,0,0,0,1469752,111868,1269,662,0,0.945351709,0.603642197,0.516331302,972975824.0,2
2,2020,2,1,2,2,817942,394407,880,1712,1,0.616655951,0.428586322,0.681747424,1400316704.0,2
2,2019,3,1,3,0,1248728,344311,1076,967,0,0.957395872,0.677275994,0.544890622,1207519976.0,2
3,2021,1,0,0,1,1199476,160957,557,2180,1,1.0,0.785754391,0.928584797,3137829216.0,0
0,2019,2,0,0,0,837462,65479,529,1694,1,0.866677001,0.697953261,0.854876754,1702392753.6,0
1,2022,0,1,0,4,866330,169392,488,398,0,0.839175655,0.762404526,0.53386006,344799340.0,2
1,2018,3,1,2,0,1282479,212448,309,2394,0,0.582033593,0.74810062,0.443378071,2609716517.1,1
0,2018,3,1,3,2,850046,185895,1437,721,0,0.910380589,0.597301437,0.502560676,612883166.0,2
1,2021,0,1,3,2,921773,306228,1399,1803,0,0.596161402,0.706802154,0.434321186,1412663211.15,1
0,2018,3,1,3,0,833478,251528,975,361,0,0.80546112,0.547483935,0.450981685,255752724.3,1
1,2018,1,0,3,2,968379,331729,801,1432,1,0.820664266,0.648808934,0.823157733,1664062473.6,0
2,2021,3,0,1,2,868863,284847,384,2002,0,0.255562048,0.705045318,0.320202456,1478544167.1,1
1,2021,1,1,1,0,623099,460488,348,897,1,0.810870508,0.699884733,0.836918414,670703763.6,0
0,2022,2,1,3,3,1233362,338763,1137,691,1,1.0,0.570906512,0.856968837,1022703770.4,0
0,2018,2,0,2,3,1197974,387213,1307,1375,1,0.436221537,0.591100451,0.675773996,1647214250.0,2
0,2018,1,1,1,1,774864,352039,988,2950,1,0.741916201,0.729095963,0.823670721,2743018560.0,0
0,2022,0,1,0,2,819752,315864,686,1612,0,0.457932693,0.782739344,0.413557346,1123224190.4,1
0,2020,1,1,1,0,607449,331411,1269,2329,1,0.615878784,0.679303251,0.765060678,1697698465.2,0
3,2020,1,1,0,2,602828,196768,1305,2684,1,0.460533472,0.674297332,0.711610268,1617990352.0,2
3,2020,1,1,3,4,626613,211040,517,1109,1,0.773931349,0.7931276,0.855686316,833896580.4,0
1,2022,3,0,1,2,572095,365508,1304,1705,0,0.86904072,0.622793389,0.497278036,829108678.75,1
0,2018,2,1,2,2,1130212,466561,554,1459,1,0.811460795,0.872702957,0.894721251,1978775169.6,0
1,2022,1,1,1,3,977910,101567,535,1831,1,0.61047263,0.56547273,0.72531512,1790553210.0,2
0,2022,3,1,1,0,1120740,141229,1349,1685,0,0.658590787,0.804849633,0.487813473,1605179865.0,1
0,2020,0,0,1,2,587593,462601,570,1180,0,0.790840903,0.753916784,0.514919229,693359740.0,2
3,2019,1,0,3,3,1191252,249316,422,1899,1,0.615161401,0.941012052,0.852057818,2714625057.6,0
3,2018,2,0,2,1,1393407,246497,955,2982,1,0.550680734,0.587883068,0.712854601,4155139674.0,2
2,2020,2,0,1,3,839386,390662,558,553,1,0.714130941,0.466597714,0.726909552,464180458.0,2
3,2019,2,1,2,3,1402473,132844,1247,2367,1,0.608293769,0.824944637,0.811079468,3983584309.2,0
2,2019,3,0,3,3,626202,213991,346,2875,0,0.811733688,0.552866649,0.454866779,1530281137.5,1
2,2021,1,1,0,2,577606,140697,1162,1468,1,0.94480461,0.761577649,0.90212742,1017510729.6,0
2,2018,1,1,1,2,623769,107196,824,1531,1,1.0,0.818215108,0.939405036,1145988406.8,0
2,2019,3,0,2,1,618542,165600,1187,2723,0,0.800710037,0.737976076,0.512895371,1684289866.0,2
2,2020,0,0,2,4,868582,150625,507,465,0,0.846895824,0.723218089,0.523371304,403890630.0,2
1,2021,2,0,3,4,1287356,443711,1046,1873,1,0.660102399,0.740094003,0.800065467,2893461345.6,0
3,2018,3,0,1,4,1075610,356899,448,916,0,0.669393484,0.783742189,0.484378558,837469946.0,1
2,2022,1,0,0,1,657550,83324,737,2959,1,0.942608437,0.758706848,0.900438428,2334828540.0,0
0,2020,0,1,2,4,1095330,391073,454,1925,0,0.70855083,0.578341619,0.42896415,1792233712.5,1
3,2019,3,0,1,4,1070706,444768,1413,802,0,0.760942107,0.882499972,0.547814026,858706212.0,2
3,2019,0,0,0,3,955433,101272,657,1212,0,0.933446351,0.705110803,0.546185718,1157984796.0,2
2,2020,2,0,2,2,1124987,479069,1497,2426,1,0.709705924,0.751834159,0.820513361,3275062154.4,0
1,2019,2,1,2,2,590140,299264,755,884,1,0.975063066,0.771098902,0.915387322,626020512.0,0
2,2021,2,0,0,3,1498350,213996,1075,2258,1,0.8359544,0.81559278,0.88384906,4059929160.0,0
1,2018,1,1,0,3,966978,386606,928,695,1,0.818309726,0.805210682,0.874506803,806459652.0,0
0,2021,3,0,3,3,1036069,277459,1131,1931,0,0.652771628,0.713173683,0.455315104,1700551853.15,1
3,2019,1,0,1,2,898731,204961,785,2180,1,0.826368899,0.706746648,0.844371849,2351080296.0,0
0,2022,1,1,1,4,879502,286538,832,701,1,0.685643108,0.740861098,0.808834735,739837082.4,0
1,2018,2,0,3,3,798277,104675,499,1274,1,0.820411328,0.810006101,0.87680581,1220405877.6,0
1,2018,3,1,2,1,597628,123591,670,523,0,0.73472624,0.588737832,0.441154691,265675527.4,1
0,2020,1,1,0,3,1101234,203706,1313,817,1,0.895021436,0.764409542,0.886476993,1079649813.6,0
1,2020,3,1,0,0,585058,344507,1152,2981,0,0.745234324,0.61136774,0.452200688,1482449213.3,1
0,2022,0,0,0,3,1426599,244824,547,535,0,1.0,0.885121353,0.628373784,763230465.0,2
3,2018,2,0,2,2,981799,389148,1087,415,1,0.708667953,0.736731417,0.815133123,488935902.0,0
0,2022,1,0,0,3,651542,499614,563,525,1,0.669813786,0.658397243,0.776070343,410471460.0,0
3,2020,0,1,0,0,805273,279530,1381,2577,0,0.801917068,0.74287166,0.514929576,2075188521.0,2
0,2020,0,0,3,1,770675,352862,330,481,0,0.911680658,0.700920166,0.537533608,370694675.0,2
1,2018,1,1,2,4,799182,163627,904,1641,1,0.910514773,0.683981304,0.864832025,1573749194.4,0
0,2021,2,0,1,3,850083,263988,801,509,1,0.775017217,0.519077474,0.76469823,519230696.4,0
1,2019,2,1,3,0,542674,339014,1407,1715,1,0.800863374,0.5975807,0.799481358,1116823092.0,0
0,2020,2,1,3,0,627572,87394,1185,2443,1,0.801080709,0.68595469,0.8290118,1839790075.2,0
0,2020,2,1,1,1,1250018,364201,848,1193,1,0.588319078,0.531164586,0.706494555,1491271474.0,2
2,2021,0,0,3,2,975692,129795,1138,2181,0,0.903611016,0.64128237,0.514964462,2127984252.0,2
1,2021,1,1,2,3,791975,392553,1416,1409,1,0.561321535,0.650012524,0.737111353,1115892775.0,2
2,2022,1,1,0,0,1081462,325160,1147,2762,1,0.588600199,0.622055737,0.736885312,2986998044.0,2
1,2022,0,1,2,1,1297711,92137,913,2326,0,0.758254063,0.777235481,0.511829848,3018475786.0,2
2,2019,2,1,1,4,931436,443369,711,693,1,0.70202104,0.611983068,0.771334703,774582177.6,0
3,2019,3,1,1,0,1347042,188925,731,1143,0,0.86942361,0.708840881,0.526088164,1539669006.0,2
0,2018,2,1,3,1,945935,62379,977,1824,1,0.817102901,0.664683604,0.827262168,2070462528.0,0
1,2022,1,0,2,2,1280296,459008,458,903,1,0.770730208,0.688120274,0.819616827,1387328745.6,0
1,2020,1,0,2,2,553051,171169,313,881,1,0.581169901,0.860640075,0.813936659,584685517.1999999,0
0,2022,1,1,1,0,703085,219439,672,2342,1,0.753984016,0.717968635,0.823984217,1975950084.0,0
1,2020,2,0,2,0,818796,199172,524,2239,1,0.74212328,0.737303289,0.826475523,2199941092.8,0
1,2021,1,0,1,3,565524,176082,1396,432,1,0.783328011,0.623458291,0.802262101,293167641.6,0
2,2022,1,1,2,1,976152,425233,810,2996,1,0.685494299,0.762614968,0.816036422,3509461670.4,0
1,2021,3,1,2,0,768614,61049,902,2568,0,0.828422631,0.758396991,0.528939874,1973800752.0,2
3,2019,1,1,2,3,960814,444002,515,1275,1,0.698015844,0.748760867,0.815592237,1470045420.0,0
3,2019,3,0,1,3,1459302,211771,1287,2113,0,0.81436702,0.579082318,0.464483113,2620979357.1,1
0,2018,2,1,3,0,1017733,434928,1139,1843,1,0.869407136,0.641475278,0.836960805,2250818302.8,0
1,2022,1,0,2,2,815617,359835,1026,1657,1,0.669810675,0.843358006,0.837722894,1621772842.8,0
0,2021,1,1,1,1,1437384,218112,853,338,1,0.634176229,0.631225553,0.755133928,583002950.4,0
3,2020,3,0,1,1,1255477,299527,1365,1616,0,0.821454923,0.856998803,0.559484575,2028850832.0,2
1,2019,3,1,2,2,544439,274062,975,461,0,0.551835048,0.645360342,0.39906513,213338422.15,1
1,2019,2,1,2,0,776452,107986,1172,2209,1,0.916749713,0.714821615,0.877190443,2058218961.6,0
0,2020,3,0,3,1,591563,481978,582,1427,0,0.751644393,0.681283077,0.47764249,717536340.85,1
3,2021,3,0,1,0,1251616,204672,1381,2508,0,0.73278624,0.615519472,0.449435237,2668194988.8,1
1,2021,3,0,1,0,797225,406918,1133,1958,0,0.831902388,0.616959102,0.48295383,1326821567.5,1
0,2022,2,0,0,3,1230602,271849,836,2263,1,0.822593178,0.629575699,0.817389626,3341822791.2,0
3,2022,2,0,1,2,943599,463026,1396,1357,1,0.750977711,0.714806428,0.821928046,1536556611.6,0
0,2018,0,0,3,0,1034125,266775,1222,2589,0,0.881792462,0.789041752,0.556944738,2677349625.0,2
2,2019,0,1,0,4,1259495,155315,1452,1266,0,0.649141754,0.708315665,0.452485806,1355342569.5,1
1,2022,0,0,0,2,1469655,369348,1141,1189,0,0.856853474,0.696662176,0.51783855,1747419795.0,2
2,2021,2,1,0,1,1142416,332229,1247,2460,1,0.588206479,0.821037806,0.803081428,3372412032.0,0
3,2020,1,1,2,3,667896,227926,964,2665,1,0.826597349,0.704133818,0.843577055,2135931408.0,0
2,2021,3,0,2,1,1188433,265341,1448,2370,0,0.700819006,0.645713639,0.448844215,2394098278.5,1
2,2019,3,1,1,1,1399083,220851,366,1966,0,0.553337091,0.600225892,0.384520994,2338007601.3,1
3,2021,3,0,0,2,1121912,237279,305,1741,0,0.788496423,0.827044728,0.538513717,1953248792.0,2
0,2018,1,0,3,1,919515,275687,936,1367,1,0.744836026,0.667060249,0.803965425,1508372406.0,0
2,2019,2,1,2,0,1214221,346124,613,427,1,0.518591174,0.642142621,0.720244598,518472367.0,2
0,2020,0,1,3,1,530063,368261,864,457,0,0.432950169,0.633495678,0.355481949,205902972.35,1
2,2018,3,0,3,3,1093741,195213,1125,1126,0,0.727160425,0.821419056,0.51619316,1231552366.0,2
0,2019,3,0,2,3,754371,190416,805,2190,0,0.992733894,0.642702601,0.545145498,1652072490.0,2
3,2020,2,1,2,4,1485976,65896,1405,811,1,0.798152251,0.799046276,0.865732842,1446151843.2,0
2,2018,0,1,2,3,602166,139353,1325,2392,0,0.649754514,0.676959209,0.442237908,1224323911.2,1
3,2018,2,1,2,1,514506,79813,503,2566,1,0.912280427,0.579161967,0.830480798,1584266875.2,0
2,2019,1,1,0,3,725413,265503,961,742,1,0.886083543,0.666750831,0.850944791,645907735.1999999,0
3,2022,0,0,0,2,1497358,115679,1104,2662,0,0.940736862,0.696720687,0.545819183,3985966996.0,2
3,2018,0,0,0,3,613604,191753,703,2524,0,0.852584665,0.688482921,0.513689195,1548736496.0,2
2,2018,3,0,0,0,526026,253975,1426,2575,0,0.882885348,0.68600163,0.522962326,1354516950.0,2
2,2020,1,0,1,2,920888,315372,835,2026,1,0.85966628,0.667805506,0.842490595,2238862905.6,0
2,2021,2,1,0,4,1455921,447798,876,2306,1,0.678374258,0.621499004,0.766624421,4028824591.2,0
1,2019,1,1,2,0,814557,259755,1062,1995,1,0.504407889,0.701073756,0.735160548,1625041215.0,2
0,2019,1,0,3,1,755116,323541,416,566,1,0.671829691,0.754094842,0.808641511,512874787.2,0
1,2022,3,0,0,1,827210,482015,927,1137,0,0.915740547,0.553740424,0.48982699,799457104.5,1
1,2022,2,0,1,1,690285,349155,1048,788,1,0.692848375,0.829906222,0.840918199,652733496.0,0
3,2019,2,0,2,0,550971,129183,404,1001,1,0.728181142,0.330337809,0.686172984,551521971.0,2
2,2022,0,0,3,0,920497,405398,794,986,0,0.57513226,0.707524857,0.427552373,771468535.6999999,1
0,2020,2,0,3,0,613978,487480,345,1295,1,0.667336564,0.746608694,0.804648419,954121812.0,0
3,2019,1,0,0,2,659163,92317,1122,656,1,0.748636625,0.639664719,0.796100448,518893113.6,0
1,2022,1,0,3,2,1336926,228986,1281,1171,1,0.823884327,0.487416523,0.770433617,1878648415.2,0
2,2019,2,0,0,1,603864,265705,1259,2273,1,0.681200855,0.69032759,0.790509482,1647099446.4,0
3,2021,2,1,0,3,1436114,414633,1144,2551,1,0.670719386,0.716969592,0.795896326,4396232176.8,0
2,2018,1,0,2,1,894295,226326,748,851,1,0.876326335,0.585128127,0.82048482,913254054.0,0
3,2019,3,1,2,4,1119674,352240,835,2110,0,0.798789979,0.616986659,0.471925546,2008135319.0,1
2,2018,0,1,1,2,939967,365929,810,622,0,0.81730087,0.79627121,0.53785736,584659474.0,2
1,2022,2,0,2,0,1110414,102344,839,2941,1,0.979248088,0.711768176,0.897005421,3918873088.8,0
0,2018,0,0,2,2,948648,296060,315,2528,0,0.674238842,0.549132301,0.407790381,2038454822.4,1
1,2019,0,1,0,0,1186311,432526,542,2846,0,0.742647124,0.744982992,0.495876705,2869804940.1,1
0,2021,1,1,2,4,1105151,249618,1211,382,1,0.832673966,0.606948117,0.813207361,506601218.4,0
2,2022,1,0,0,4,840435,209484,1060,2650,1,0.619273896,0.622523757,0.747265884,2227152750.0,2
3,2019,1,1,0,2,625659,160489,1004,561,1,0.784357461,0.719765739,0.834707733,421193638.8,0
1,2022,2,0,2,0,1215232,494874,414,1083,1,0.753329475,0.710449003,0.821259492,1579315507.2,0
0,2020,0,0,1,4,507235,492765,696,1523,0,1.0,0.659739346,0.553246449,772518905.0,2
1,2018,3,0,1,1,844877,308667,693,1213,0,0.764980425,0.649579063,0.471519829,871110430.85,1
0,2020,3,1,3,1,562712,61549,1398,1243,0,0.923540965,0.674920096,0.532820354,699451016.0,2
1,2019,2,1,3,0,652545,75739,1277,1618,1,0.874491482,0.621940651,0.832144044,1266981372.0,0
0,2021,1,0,2,2,1222927,333353,1426,1835,1,0.57651576,0.808901225,0.795138995,2692885254.0,0
0,2022,0,1,1,4,1262178,157051,596,988,0,0.517676424,0.54308063,0.353585685,1059977084.4,1
2,2018,2,1,0,2,625849,65116,1301,2743,1,0.787052191,0.675912141,0.82098811,2060044568.4,0
0,2022,2,1,3,1,755493,70045,477,2072,1,0.938600199,0.554059493,0.830886564,1878457795.2,0
2,2019,2,1,0,4,1104111,469543,1266,1138,1,0.793187223,0.793600175,0.862262466,1507773981.6,0
0,2022,2,1,3,2,604215,85709,614,1177,1,0.761827771,0.675768967,0.812532246,853393266.0,0
3,2018,0,1,2,3,1265359,355761,1362,348,0,0.707387002,0.594333141,0.433906714,374293192.2,1
3,2019,2,1,1,0,532230,207977,558,592,1,0.551405813,0.768504763,0.773303525,378096192.0,0
3,2022,1,0,3,0,846717,253675,306,1951,1,0.605921892,0.470806932,0.692242942,1651944867.0,2
0,2021,2,1,1,3,1247948,279167,348,835,1,0.506652947,0.728088403,0.744913783,1042036580.0,2
2,2019,2,1,0,1,962092,431923,460,610,1,0.58454301,0.815128919,0.799890643,704251344.0,0
2,2019,2,1,2,4,802788,355063,475,836,1,0.671098764,0.717954356,0.79635104,805356921.6,0
0,2021,1,1,1,0,679736,395665,1325,2226,1,0.866402403,0.649348955,0.838583786,1815710803.2,0
3,2020,3,1,2,3,1331635,269222,1300,2986,0,0.683239911,0.575781804,0.419673905,3379822793.5,1
3,2018,1,1,1,3,828821,239518,754,533,1,0.788343868,0.808251464,0.865531777,530113911.6,0
2,2020,2,1,0,1,918641,233500,575,1532,1,0.770284382,0.792742186,0.854342189,1688829614.4,0
3,2022,2,1,0,1,1147534,491110,797,2952,1,0.824857325,0.635463817,0.820107047,4065024441.6,0
1,2021,3,0,2,2,584817,318591,975,2441,0,0.59477776,0.638136249,0.410971336,1213407552.45,1
2,2020,3,1,0,0,738657,55499,1351,2674,0,0.908879057,0.81867671,0.575851922,1975168818.0,2
3,2019,3,1,3,2,717033,89041,1324,2572,0,0.538923452,0.753161315,0.430694922,1567577544.6,1
2,2022,2,1,1,3,731414,343459,355,1266,1,0.68282802,0.521341566,0.734723195,925970124.0,2
1,2022,2,1,0,4,756812,182371,846,1189,1,0.746864189,0.68042976,0.809097983,1079819361.6,0
2,2020,0,0,3,4,1356238,432650,1435,2358,0,0.864021727,0.676744355,0.513588694,3198009204.0,2
2,2020,1,0,2,1,804958,186066,335,334,1,0.9568964,0.724763447,0.893886616,322627166.4,0
2,2021,2,0,3,4,1094507,276486,738,746,1,0.865204728,0.700604602,0.855269777,979802666.4,0
2,2018,2,0,2,4,1467150,262235,894,2063,1,0.962387454,0.648728884,0.870372112,3632076540.0,0
1,2020,1,0,2,4,670956,307831,606,2788,1,0.625623611,0.717835965,0.781153192,2244750393.6,0
0,2020,1,0,1,3,857489,450705,918,1858,1,0.928555572,0.655222234,0.861259269,1911857474.4,0
2,2019,1,0,1,4,757134,403791,1432,894,1,0.902798509,1.0,0.967599503,812253355.1999999,0
2,2022,0,0,3,4,862232,344499,656,2325,0,0.390558741,0.71227279,0.367610511,1703985990.0,1
3,2018,1,0,1,4,1355754,385949,480,2576,1,0.716930363,0.698530053,0.805153472,4190906764.8,0
2,2019,1,0,1,2,521650,380511,367,643,1,0.840305614,0.884280756,0.908195456,402505140.0,0
3,2021,2,0,1,3,856386,422050,591,1403,1,0.67268792,0.563565661,0.74541786,1201509558.0,2
0,2021,1,0,3,1,1426694,429553,991,1719,1,0.587126224,0.689002713,0.758709646,2942984383.2,0
1,2020,2,0,0,2,1324628,389499,480,1613,1,1.0,0.605039691,0.868346564,2563949956.8,0
1,2020,3,0,1,0,670521,166220,733,1778,0,0.766656023,0.763501006,0.510052343,1192186338.0,2
0,2021,1,0,1,3,670733,271421,1213,1451,1,0.770760815,0.650565052,0.807108622,1167880299.6,0
1,2020,3,0,3,3,1316141,399317,365,2221,0,0.553650883,0.758009374,0.437220085,2484676786.85,1
0,2018,0,1,0,0,742037,314140,1344,1682,0,0.658145851,0.7508051,0.469650317,1060890298.9,1
0,2020,2,0,1,0,580428,301071,683,2874,1,0.615323906,0.778037226,0.797787044,2001780086.4,0
0,2022,2,1,2,0,706251,356531,338,2422,1,0.911846285,0.752451879,0.888099388,2052647906.4,0
1,2020,3,0,3,1,1034231,53089,1121,1869,0,0.825695043,0.677596061,0.501097035,1932977739.0,2
3,2019,1,0,1,4,1198600,410971,901,2194,1,0.664415446,0.560234729,0.741550058,2629728400.0,2
0,2018,2,1,1,3,938976,332803,1084,2543,1,0.834075036,0.800908494,0.878327843,2865379161.6,0
2,2019,0,0,2,4,521042,357322,970,2166,0,0.711971978,0.840902742,0.517624907,1128576972.0,2
1,2019,1,1,2,4,1277130,145965,1396,328,1,0.785173608,0.606213169,0.797128926,502678368.0,0
0,2022,2,1,3,0,1330326,131268,778,1005,1,0.784464583,0.773587736,0.852684106,1604373156.0,0
0,2018,1,1,3,1,1424373,397186,860,1320,1,0.813040082,0.582963725,0.798667936,2256206832.0,0
2,2018,3,0,2,2,1478582,418615,400,2363,0,0.794947789,0.720343217,0.505097002,3493889266.0,2
3,2018,0,0,3,1,818903,251798,813,1746,0,0.813157448,0.740942049,0.518033165,1429804638.0,2
3,2018,2,0,2,4,868117,382255,475,1959,1,0.938371247,0.657378023,0.865249756,2040769443.6,0
3,2018,1,1,1,1,1330738,287103,537,1266,1,0.846084413,0.709507144,0.851863852,2021657169.6,0
0,2022,3,1,2,0,1394801,294754,1209,2576,0,0.699464736,0.784820317,0.494761684,3054056269.6,1
0,2020,2,0,2,2,1210731,215637,1382,872,1,0.735307088,0.689058349,0.808121813,1266908918.4,0
0,2019,3,0,0,0,1176278,412579,1422,1906,0,0.934525588,0.63248625,0.522337279,2241985868.0,2
1,2018,2,0,2,2,1314811,139242,1170,914,1,0.766863368,0.577622079,0.781495149,1442084704.8,0
2,2020,0,0,2,4,882811,425348,794,625,0,0.693897237,0.660923563,0.451606934,468993343.75,1
0,2020,2,0,0,2,1001691,203956,1246,658,1,0.655329249,0.582527842,0.745952364,659112678.0,2
2,2019,0,1,3,2,714304,329343,1054,2110,0,0.790955716,0.662261598,0.484405771,1281104224.0,1
2,2022,0,1,0,2,896178,110038,510,2671,0,0.62177148,0.653475754,0.425082411,2034637722.3,1
3,2021,3,1,1,1,1169211,107786,1446,2021,0,0.942719314,0.780410497,0.574376604,2362975431.0,2
1,2021,0,0,0,1,1404058,421780,439,1649,0,0.594327247,0.707347502,0.433891583,1967997895.7,1
0,2020,2,1,1,4,938963,286042,840,464,1,0.971710159,0.954725969,0.975478709,522814598.4,0
3,2019,2,1,3,2,1411612,361438,569,1896,1,0.707215453,0.498641076,0.73528551,2676416352.0,2
3,2021,0,1,0,3,814493,259087,1335,1927,0,0.588489397,0.731337143,0.43994218,1334098809.35,1
0,2020,1,1,0,4,701904,215250,805,2802,1,0.778376361,0.654844371,0.811073577,2360082009.6,0
2,2022,2,1,3,2,1211716,455881,1429,1476,1,0.607044126,0.604395938,0.737146688,1788492816.0,2
3,2021,2,0,1,2,1170105,312678,331,1450,1,0.755155764,0.697023051,0.817392938,2035982700.0,0
2,2020,1,1,0,1,505730,403972,1397,492,1,0.66336847,0.689538307,0.784302259,298582992.0,0
1,2020,0,0,1,4,907137,348276,1494,2974,0,0.89176099,0.807781282,0.566514091,2697825438.0,2
2,2018,1,0,0,2,1253790,427864,1392,2877,1,0.770512441,0.709125845,0.826546095,4328584596.0,0
1,2022,1,0,2,2,702210,348254,1112,391,1,0.571724875,0.630719841,0.734148239,274564110.0,2
2,2018,3,0,0,4,1238471,239826,661,438,0,0.660444519,0.733421056,0.464621858,461082753.3,1
3,2019,1,0,3,3,519023,375724,1228,780,1,0.855742087,0.677034844,0.844258977,485805528.0,0
3,2018,0,1,3,4,1462853,465685,399,2796,0,0.943063816,0.587452145,0.510171987,4090136988.0,2
1,2018,2,1,1,4,1151084,376160,308,1656,1,0.743208779,0.675145463,0.806118081,2287434124.8,0
0,2021,3,0,0,3,1367965,96233,996,639,0,0.593340516,0.723094208,0.438811574,743010189.75,1
1,2020,1,0,1,4,845430,442007,1352,1375,1,0.908105447,0.707228243,0.871777897,1394959500.0,0
1,2022,1,0,1,2,1328411,247780,1437,2813,1,0.855084551,0.733031305,0.862705286,4484184171.599999,0
2,2018,1,1,2,4,1309269,274522,761,1098,1,0.945980938,0.647351479,0.864444139,1725092834.4,0
2,2022,3,0,2,3,908213,156311,1220,774,0,0.793531368,0.731761196,0.508430855,702956862.0,2
1,2018,1,1,3,0,1391407,84409,1466,2748,1,0.671910463,0.712011581,0.794640681,4588303723.2,0
3,2019,1,0,1,4,1200399,296231,689,1762,1,0.827533273,0.712822938,0.846785404,2538123645.6,0
2,2018,1,1,3,1,1020610,462540,931,904,1,0.798949384,0.703235655,0.83406168,1107157728.0,0
0,2021,1,0,0,2,520923,451954,981,1120,1,0.663768946,0.917609321,0.860459422,700120512.0,0
2,2020,1,1,1,2,1295308,336198,456,897,1,0.779795788,0.811012624,0.863602804,1394269531.2,0
2,2019,2,0,1,1,1347405,79709,634,1832,1,0.720746117,0.729539176,0.816761764,2962135152.0,0
0,2018,0,1,0,1,896103,159321,559,813,0,0.861530677,0.619979272,0.49383665,619251978.15,1
1,2022,2,1,0,4,694795,50363,381,1826,1,0.823801037,0.67076675,0.831522596,1522434804.0,0
0,2019,1,1,3,1,1328854,322502,1053,2177,1,0.592261291,0.861578815,0.817946702,3471498189.6,0
1,2019,3,1,3,0,733462,446456,1495,1999,0,0.577136613,0.643706254,0.406947622,1246261957.3,1
1,2018,3,1,0,3,551413,95689,1019,1329,0,0.736528324,0.683427037,0.473318454,622903695.4499999,1
1,2019,0,1,3,1,1388916,314080,374,799,0,0.754922893,0.677859667,0.477594187,943282301.4,1
0,2022,2,1,0,1,1420345,424416,925,1984,1,0.864146516,0.736788728,0.866978415,3381557376.0,0
1,2019,2,0,1,0,755719,141074,361,1016,1,0.826995587,0.656335352,0.82777698,921372604.8,0
3,2022,2,0,1,2,1053044,225037,1173,1441,1,0.968802846,0.717685801,0.895496216,1820923684.8,0
0,2018,1,0,2,2,833720,258606,619,1808,1,0.67992098,0.658568311,0.77949643,1808838912.0,0
3,2020,1,0,1,4,1142536,50882,401,2948,1,0.67135709,0.83145107,0.834269387,4041835353.6,0
1,2019,3,0,0,0,772448,463440,1173,965,0,0.606027899,0.631372238,0.412466712,633600472.0,1
2,2020,0,1,3,3,1054629,417371,1253,2815,0,0.862411067,0.797764484,0.553391851,2968780635.0,2
1,2022,1,1,2,3,1422262,304822,554,2508,1,0.753262828,0.641486414,0.798249747,4280439715.2,0
3,2019,3,1,3,0,910226,175865,869,2617,0,0.471959472,0.614625367,0.362194947,2024752225.7,1
3,2021,0,1,0,3,627039,173745,411,1379,0,0.780324807,0.629920725,0.470081844,734983763.85,1
0,2020,1,1,1,2,1216118,474041,1284,527,1,0.789895525,0.528856427,0.772917317,769073023.1999999,0
2,2019,2,0,2,3,1187018,78885,1297,448,1,0.728347959,0.743859845,0.824069268,638140876.8,0
0,2020,2,0,0,3,680074,221128,760,1369,1,0.794498228,0.583602389,0.792700206,1117225567.2,0
3,2019,2,0,2,0,1258678,446419,1007,1467,1,0.566964645,0.664208047,0.743724231,1846480626.0,2
1,2018,1,0,2,0,1156735,241313,1186,931,1,0.996154775,0.77616216,0.924105645,1292304342.0,0
2,2020,1,1,1,3,1123773,445460,1415,1663,1,0.807038914,0.772935268,0.859991394,2242601398.8,0
1,2021,1,1,0,1,1308524,410466,1375,712,1,0.483945168,0.556834108,0.680259759,931669088.0,2
1,2021,2,1,3,0,631562,380763,819,2055,1,0.749115435,0.731054358,0.826723264,1557431892.0,0
2,2022,3,0,2,4,503729,71584,1111,819,0,0.81100803,0.814049398,0.541685809,412554051.0,2
0,2019,1,1,2,4,1161334,320665,1421,1667,1,0.583060189,0.636315709,0.739791966,1935943778.0,2
1,2020,2,0,3,2,1142510,231089,535,2734,1,0.830044542,0.751357333,0.860467292,3748346808.0,0
3,2022,0,1,0,3,847360,345685,1226,2622,0,1.0,0.585672039,0.528557346,2221777920.0,2
1,2020,1,1,2,1,1108148,79063,856,2700,1,0.653344641,0.738565695,0.797303445,3590399520.0,0
2,2019,1,0,2,2,758360,120268,948,1402,1,0.814265804,0.713127136,0.842464314,1275864864.0,0
2,2021,3,1,2,3,859014,306306,533,897,0,0.78128979,0.766114696,0.515801495,770535558.0,2
2,2018,0,1,0,0,521398,176218,1355,1959,0,0.8952435,0.759914609,0.55171937,1021418682.0,2
0,2021,0,0,0,4,796794,430350,878,1985,0,0.733673714,0.564651639,0.432775118,1344390676.5,1
1,2022,3,1,3,1,1438796,274126,841,2905,0,0.589992506,0.713655324,0.434549277,3552747023.0,1
0,2018,3,0,0,4,1128177,220635,413,2460,0,0.885627337,0.845291364,0.5769729,2775315420.0,2
0,2022,2,1,0,0,765303,220824,503,2488,1,0.598910911,0.481469118,0.69346001,1904073864.0,2
2,2019,0,1,1,3,860306,276305,1352,2224,0,1.0,0.796692611,0.598897537,1913320544.0,2
2,2018,1,1,3,0,955982,445783,942,1029,1,0.834115402,0.86017051,0.898095304,1180446573.6,0
0,2022,0,1,2,0,725959,459337,773,888,0,0.66016609,0.551536448,0.403900846,547953853.1999999,1
1,2019,2,1,0,4,1127122,444890,996,2758,1,0.916297742,0.632930093,0.849742612,3730322971.2,0
3,2021,0,1,2,1,910281,126411,552,676,0,0.748621645,0.751774332,0.500131992,615349956.0,2
0,2019,1,1,2,0,1045926,159876,1204,1707,1,0.716789166,0.611387488,0.776058885,2142474818.4,0
1,2020,2,1,1,4,1287505,248153,685,2169,1,0.647869594,0.836457918,0.828109171,3351118014.0,0
2,2019,2,0,0,1,939727,210212,361,1050,1,0.46827315,0.805889627,0.758054259,1184056020.0,0
2,2019,3,0,3,3,1239667,190399,814,926,0,0.840658886,0.561503676,0.467387521,975741895.7,1
1,2020,2,1,0,3,1018490,73331,729,1929,1,0.505780986,0.62569419,0.710491725,1964667210.0,2
3,2022,1,1,2,2,1256357,73004,879,1294,1,0.63100585,0.776983682,0.802663177,1950871149.6,0
2,2022,1,0,3,4,1053608,288441,1464,1883,1,0.814926683,0.77306594,0.862664208,2380732636.8,0
2,2019,3,1,0,1,963092,431387,1042,1002,0,0.67489854,0.921844004,0.532247514,965018184.0,2
2,2020,3,1,2,0,534924,453708,974,2809,0,0.773572781,0.612011779,0.46186152,1277211288.6,1
1,2020,2,0,2,3,712792,498013,610,2359,1,0.567945703,0.845921784,0.804622496,2017771593.6,0
0,2021,1,1,1,1,933950,239167,770,1479,1,0.697731094,0.608608606,0.7687799,1657574460.0,0
2,2022,1,1,1,4,1354548,456965,1108,776,1,0.774507856,0.750032093,0.841513316,1261355097.6,0
0,2018,2,0,1,2,1195385,375361,471,700,1,0.607279123,0.789234244,0.798837789,1004123400.0,0
3,2022,2,1,2,3,502159,139044,875,2524,1,1.0,0.400609991,0.80020333,1520939179.2,0
2,2022,3,1,0,1,1073228,321189,330,356,0,0.654386413,0.79112063,0.481835681,324758792.8,1
2,2021,1,0,1,1,1103724,332260,346,2175,1,0.956762518,0.838456969,0.931739829,2880719640.0,0
3,2018,3,1,0,1,970192,68667,429,747,0,0.724829168,0.809588175,0.511472448,724733424.0,2
2,2021,2,0,1,4,1038966,387201,651,502,1,0.514728665,0.905333881,0.806687515,625873118.4,0
0,2018,1,1,3,4,1216435,124205,1277,1956,1,0.579464879,0.796517728,0.791994202,2855216232.0,0
1,2019,2,1,3,4,940420,77302,357,1037,1,0.776411893,0.64627949,0.807563794,1170258648.0,0
0,2018,3,0,1,0,905237,454499,1429,501,0,0.904916363,0.823901113,0.576272492,453523737.0,2
1,2021,3,0,2,1,1162132,212007,1111,1653,0,1.0,0.640603372,0.546867791,1921004196.0,2
1,2022,0,1,1,3,1091451,122534,1067,2710,0,0.769232809,0.708241792,0.492491534,2514157378.5,1
0,2018,0,0,1,4,1265328,275414,982,1191,0,0.573413438,0.783178327,0.452197255,1280954800.8,1
0,2018,0,0,2,4,1229115,212696,1485,2801,0,0.791772762,0.744808082,0.512193615,3442751115.0,2
0,2020,2,1,3,1,654536,63440,1296,2703,1,0.626217799,0.835113199,0.820443666,2123052969.6,0
0,2022,0,1,0,4,1075425,423145,585,515,0,0.808828743,0.94886747,0.585898738,553843875.0,2
3,2019,0,1,1,0,923448,358645,1394,2902,0,0.608778817,0.586263606,0.398347474,2277869181.6,1
2,2021,2,0,2,0,1347929,444485,1185,322,1,0.436564464,0.667166388,0.701243618,434033138.0,2
1,2019,1,0,1,4,1001233,320012,696,2502,1,0.947528349,0.731637836,0.893055395,3006101959.2,0
0,2022,2,0,2,1,1491528,211323,325,1509,1,0.71603749,0.653680906,0.789906132,2700858902.4,0
0,2018,3,0,0,1,1124773,390053,612,2596,0,0.75744905,0.692429373,0.483292808,2481924101.8,1
0,2018,1,1,0,1,740970,134523,425,1048,1,0.899505206,0.777581961,0.892362389,931843872.0,0
3,2022,3,0,3,2,1468952,219801,1110,1104,0,1.0,0.764290833,0.588096944,1621723008.0,2
0,2018,3,1,2,4,1129756,65734,487,433,0,0.858012098,0.724733273,0.52758179,489184348.0,2
0,2018,2,0,2,1,500901,223501,997,620,1,0.765450242,0.71477305,0.826741098,372670344.0,0
0,2018,3,1,3,0,587980,222409,1109,2737,0,0.819430931,0.677612987,0.499014639,1367906071.0,1
2,2021,1,1,3,3,869738,483541,1015,733,1,0.705782544,0.840452284,0.848744942,765021544.8,0
3,2021,1,1,2,3,976813,395744,749,1345,1,0.755417157,0.866338884,0.87391868,1576576182.0,0
0,2020,0,0,3,1,1289313,320577,822,1172,0,0.771729546,0.8018814,0.524536982,1511074836.0,2
1,2019,2,1,0,3,792007,190183,1285,2398,1,0.632006211,0.585062341,0.739022851,1899232786.0,2
1,2022,3,1,1,3,1266722,153986,957,2523,0,0.753176038,0.673778957,0.475651665,2716548665.1,1
1,2022,1,0,0,2,898838,375897,896,552,1,0.805065278,0.719966596,0.841677291,595390291.1999999,0
3,2022,2,1,3,0,1015956,163783,399,1265,1,0.827552535,0.605930547,0.811161027,1542221208.0,0
3,2020,1,0,2,0,1418882,261655,915,1038,1,0.815598567,0.70790837,0.841168979,1767359419.2,0
1,2021,2,0,2,2,976384,333895,1247,1429,1,0.549146217,0.702222179,0.750456132,1674303283.2,0
0,2020,3,1,0,2,987063,197525,855,1639,0,0.934388841,0.808413817,0.58093422,1617796257.0,2
3,2022,1,1,2,3,1226546,266916,577,601,1,0.921942184,0.650170956,0.857371047,884584975.1999999,0
1,2019,0,0,3,4,1331633,482184,790,2895,0,0.735577739,0.816330289,0.517302676,3855077535.0,2
1,2018,2,1,0,3,751839,211149,554,2277,1,0.818326304,0.604263196,0.807529834,2054324883.6,0
0,2021,2,0,2,2,821395,289654,680,2615,1,0.717516935,0.61821608,0.778577672,2577537510.0,0
2,2021,0,0,1,0,1096860,477991,1191,850,0,0.862793649,0.662063769,0.508285806,932331000.0,2
3,2020,1,0,1,3,1063543,239216,841,1778,1,0.627859223,0.704787189,0.777548804,2269175344.8,0
0,2021,3,1,3,4,1087500,360714,1124,1615,0,0.951369089,0.45834876,0.46990595,1492865625.0,1
1,2022,1,0,2,3,1336642,227169,1178,1887,1,0.855331142,0.745929757,0.867086966,3026692144.8,0
1,2022,1,1,3,1,887773,336647,1438,2122,1,0.858815069,0.870934253,0.909916441,2260625167.2,0
0,2020,2,1,0,3,522499,183851,580,2124,1,0.734242069,0.765126957,0.833123008,1331745451.2,0
3,2022,1,1,1,2,1126840,398984,1072,1464,1,0.538107224,0.678933007,0.739013411,1649693760.0,2
2,2019,0,1,0,0,944844,181827,1142,613,0,0.882590205,0.591540892,0.491377032,492310966.2,1
2,2020,3,0,2,0,1085648,351407,1018,483,0,0.5430658,0.518697776,0.353921192,445712786.4,1
1,2019,3,1,3,2,897819,420635,627,1987,0,0.884395899,0.535697638,0.473364512,1516371400.05,1
3,2018,0,0,3,1,986525,367231,510,1012,0,0.634180917,0.686916012,0.440365643,848608805.0,1
2,2019,0,0,3,2,1413898,485497,1026,2475,0,0.511942702,0.910691002,0.474211235,2974487917.5,1
3,2018,2,1,0,3,1371905,101482,1222,1610,1,0.750149956,0.428292661,0.726147539,2208767050.0,2
3,2018,1,0,1,2,643704,498073,851,2733,1,0.927420083,0.770021789,0.899147291,2111091638.4,0
1,2019,1,0,0,2,1185967,172989,325,570,1,0.605159438,0.632228459,0.745795965,676001190.0,2
2,2020,3,1,0,1,591873,460616,326,2094,0,0.989855194,0.666450504,0.552101899,1239382062.0,2
0,2022,2,0,2,3,565756,352259,1001,1110,1,0.848511082,0.606230111,0.818247064,753586992.0,0
1,2022,2,0,2,4,940210,326393,1406,2762,1,0.773513928,0.563256121,0.77892335,3116232024.0,0
2,2018,3,0,2,4,694454,294255,981,497,0,0.684656362,0.712563724,0.465740028,293372092.3,1
2,2018,2,0,1,0,1487858,490041,712,1379,1,0.695115397,0.726280349,0.807131915,2462107418.4,0
2,2020,1,1,1,2,818488,160361,466,1526,1,0.814525084,0.766834006,0.86045303,1498815225.6,0
2,2021,3,0,2,0,946991,336744,468,1944,0,0.876906129,0.531475629,0.469460586,1564807928.4,1
2,2019,1,0,2,1,900565,349850,528,927,1,0.660975567,0.787397233,0.816124267,1001788506.0,0
3,2018,1,0,1,4,1357586,331366,666,903,1,0.629023001,0.789180755,0.806067919,1471080189.6,0
1,2022,3,0,3,2,1051752,411185,827,1461,0,0.717925977,0.742449369,0.486791782,1306118221.2,1
3,2020,2,1,1,1,935840,416648,1090,1745,1,0.959044301,0.657903838,0.872316047,1959648960.0,0
0,2019,2,0,1,1,621897,91139,823,1380,1,0.567466749,0.730843087,0.766103279,1029861432.0,0
2,2020,1,1,1,2,1020082,164919,1395,1885,1,0.921371647,0.683955094,0.868442247,2307425484.0,0
1,2019,1,0,2,1,799488,297677,405,2418,1,0.756341975,0.796851633,0.851064536,2319794380.8,0
2,2019,1,1,3,2,583791,353446,1031,1210,1,0.502089129,0.66334557,0.721811566,706387110.0,2
1,2018,1,1,1,2,1179659,275756,1264,893,1,0.68075514,0.710802443,0.797185861,1264122584.4,0
3,2020,1,1,2,3,1203335,399982,432,1695,1,0.841450211,0.5261678,0.789206003,2447583390.0,0
1,2020,3,1,0,0,632534,189718,833,899,0,1.0,0.730529979,0.576843326,568648066.0,2
0,2022,1,1,0,1,1406641,194615,1274,813,1,0.550894091,0.625044555,0.725312882,1143599133.0,2
0,2022,2,0,1,1,581441,275568,568,2195,1,0.327123529,0.751246622,0.69279005,1276262995.0,2
1,2018,1,0,0,3,1376888,203857,972,2431,1,0.553567078,0.77884249,0.777469856,4016657673.6,0
1,2018,3,0,3,3,1368220,390497,1090,1366,0,0.919562326,0.639002706,0.519521677,1868988520.0,2
1,2021,2,1,0,3,737612,474622,317,2257,1,0.480938744,0.70311883,0.728019191,1664790284.0,2
1,2022,0,0,0,4,933797,401136,416,2953,0,0.974588084,0.717449491,0.564012525,2757502541.0,2
0,2019,0,1,3,4,731444,363572,1097,1109,0,0.932221342,0.736806373,0.556342572,811171396.0,2
2,2020,3,1,1,4,1488793,73777,1467,2480,0,0.778655436,0.778985783,0.51921374,3692206640.0,2
1,2018,0,0,1,2,1300607,107939,850,1388,0,0.656045203,0.765901118,0.473982107,1534456138.6,1
1,2020,2,0,3,1,637263,496242,1228,589,1,0.758289094,0.662010969,0.806766688,450417488.4,0
0,2020,1,1,3,0,845578,398594,1052,2723,1,0.841663103,0.859832193,0.900498432,2763010672.8,0
0,2021,0,1,3,2,1108806,472769,721,1068,0,0.81877147,0.775198748,0.531323406,1184204808.0,2
3,2022,2,0,0,1,1235518,73548,945,2814,1,1.0,0.840514439,0.946838146,4172097182.4,0
1,2018,2,0,3,1,1352969,480481,857,770,1,0.710984633,0.734670672,0.815218435,1250143356.0,0
3,2020,2,0,2,3,1402153,175549,349,2496,1,0.554873554,0.740580546,0.765151366,4199728665.6,0
0,2018,0,0,0,3,547645,483917,977,387,0,0.528407894,0.688280895,0.40556293,180147822.75,1
0,2019,1,1,1,2,739608,494503,405,2743,1,0.49840631,0.655622552,0.718009621,2028744744.0,2
2,2021,2,0,1,3,1047571,187799,957,1089,1,0.779441838,0.797533818,0.858991885,1368965782.8,0
1,2019,2,0,1,1,1016369,291532,1395,1964,1,0.714844695,0.726459062,0.813767919,2395378459.2,0
3,2018,3,0,0,3,849115,231789,1287,1609,0,0.75489819,0.686843615,0.480580602,1161292129.75,1
0,2018,3,1,2,4,1379191,475643,1141,1164,0,0.669441069,0.597737501,0.422392857,1364571575.4,1
0,2022,1,1,3,3,1214483,197764,745,1593,1,0.583474971,0.855511554,0.812995508,2321605702.8,0
3,2020,2,1,3,1,602780,81625,369,323,1,0.842150383,0.711262543,0.851137642,233637528.0,0
2,2020,1,1,1,2,923240,337062,449,2186,1,0.380540415,0.577327742,0.652622719,2018202640.0,2
0,2019,1,0,1,0,942846,484352,1073,610,1,0.629760665,0.708142247,0.77930097,690163272.0,0
1,2021,3,1,0,3,1317166,426970,1422,1784,0,0.867973524,0.679907956,0.515960493,2349824144.0,2
0,2020,1,0,2,1,500515,164881,1243,1531,1,0.614874236,0.67580536,0.763559865,919546158.0,0
1,2022,2,0,3,0,1397214,495625,754,2785,1,0.808751313,0.75762598,0.855459098,4669489188.0,0
3,2019,0,0,0,0,1353159,327721,1427,1005,0,0.629961136,0.680046048,0.436669061,1155936075.75,1
1,2019,2,0,3,4,1253160,397299,1245,1659,1,0.681623269,0.669450095,0.783691121,2494790928.0,0
3,2022,2,1,1,0,1395596,161776,900,721,1,0.836238077,0.836240474,0.890826184,1207469659.2,0
1,2021,0,1,3,1,808360,411390,952,2073,0,0.558322752,0.526043302,0.361455352,1424370738.0,1
3,2022,1,1,2,1,833977,283996,1024,2668,1,0.86179175,0.694861769,0.85221784,2670060763.2,0
1,2021,0,0,2,3,1083043,307831,532,2934,0,0.756888074,0.792885186,0.516591087,3177648162.0,2
2,2022,2,0,1,3,1052144,262803,550,1246,1,0.93846583,0.762693245,0.900386358,1573165708.8,0
1,2022,1,0,2,3,1008175,208761,378,1486,1,0.781222496,0.802004859,0.861075785,1797777660.0,0
1,2018,1,0,2,0,573870,192226,1375,2134,1,0.589577007,0.902157188,0.830578065,1469566296.0,0
2,2019,2,0,0,0,1441666,407092,1197,1864,1,1.0,0.869895174,0.956631725,3224718508.8,0
0,2022,0,1,3,4,637080,71341,1220,1148,0,0.602108558,0.584446529,0.395518362,621662664.0,1
0,2022,2,0,1,3,1294419,409698,1080,1889,1,0.715926587,0.538929658,0.751618749,2934188989.2,0
1,2020,1,1,1,2,1480036,255753,525,1618,1,0.893611339,0.732685241,0.875432193,2873637897.6,0
2,2019,3,0,1,4,596502,419942,1374,2389,0,0.468010834,0.564588232,0.344199689,1211286786.3,1
1,2020,1,0,1,2,1420836,358474,1357,2247,1,0.965950347,0.507353068,0.824434472,3831142190.4,0
3,2019,2,1,1,0,1090611,299141,1102,1608,1,0.577367356,0.731624286,0.769663881,2104442985.6,0
3,2020,0,1,2,4,932206,399903,1041,686,0,0.681750087,0.756704533,0.479484873,543569318.6,1
1,2022,2,0,0,4,1296305,249488,430,2335,1,0.793328686,0.871114065,0.888147583,3632246610.0,0
0,2022,2,0,1,1,1237902,306139,1322,1461,1,0.743744122,0.776843107,0.840195743,2170289786.4,0
0,2018,0,0,0,0,978977,398951,931,2325,0,0.868376409,0.891956009,0.586777472,2276121525.0,2
1,2020,2,0,0,0,1191804,345457,1137,1015,1,0.509878864,0.735555419,0.748478094,1209681060.0,2
1,2021,3,1,2,4,928556,359044,1058,2778,0,0.859117703,0.586372976,0.481830226,2192599282.8,1
3,2018,0,0,1,0,1129507,128840,1003,2901,0,0.871086358,0.782218706,0.551101688,3276699807.0,2
0,2020,3,1,2,4,1029321,215767,796,725,0,0.904383874,0.83343131,0.579271728,746257725.0,2
1,2020,2,0,1,1,835468,211297,622,1739,1,0.511550884,0.73910844,0.750219775,1743454622.4,0
3,2018,1,1,2,4,1302121,398216,914,2373,1,0.529659715,0.845055047,0.791571587,3707919759.6,0
0,2022,3,1,0,0,1134044,408511,628,684,0,0.698643653,0.687674929,0.462106194,659333181.6,1
2,2020,1,0,1,0,980350,99156,432,355,1,0.545876133,0.754589912,0.766822015,417629100.0,0
3,2022,1,1,3,4,996232,258281,1134,2981,1,0.479404815,0.682566792,0.720657202,2969767592.0,2
0,2018,3,0,0,4,988455,137453,950,405,0,0.692180391,0.937904359,0.543361584,400324275.0,2
0,2022,2,1,3,4,762210,208901,420,969,1,0.785113704,0.784126069,0.856413258,886297788.0,0
3,2019,2,0,0,3,1138447,75938,905,675,1,1.0,0.588329487,0.862776496,922142070.0,0
2,2021,1,1,2,0,1200606,109164,1264,1042,1,0.832301273,0.885259747,0.905853673,1501237742.4,0
3,2020,2,0,1,0,1031821,497746,428,1266,1,1.0,0.626682024,0.875560675,1567542463.2,0
0,2021,1,0,0,3,1498143,249271,1414,607,1,0.743377337,0.701369596,0.814915644,1091247361.2,0
1,2022,2,1,2,4,1225512,110282,328,2438,1,0.833934899,0.74683008,0.860254993,3585357907.2,0
1,2020,1,1,1,1,1266941,359945,1021,1101,1,0.728079346,0.754999197,0.827692848,1673882449.2,0
3,2022,1,1,1,4,877972,452681,632,409,1,1.0,0.748372222,0.916124074,430908657.6,0
0,2019,3,1,0,4,1346090,315470,1453,1964,0,0.64716137,0.586695449,0.411285607,2247162646.0,1
1,2018,2,0,1,3,1324930,446875,1496,2932,1,0.667503855,0.748703464,0.805402439,4661633712.0,0
0,2020,1,1,0,0,1133316,208666,1243,639,1,0.869481103,0.810064594,0.893181899,869026708.8,0
3,2019,3,0,1,4,1298204,165819,1347,1888,0,0.781120936,0.807186403,0.52943578,2451009152.0,2
1,2019,3,1,3,0,1375817,316907,1422,1278,0,0.686375699,0.569818741,0.41873148,1494550007.1,1
0,2020,1,0,2,2,1466540,191900,655,2703,1,0.894056572,0.634434712,0.842830428,4756869144.0,0
1,2022,1,0,3,0,1476035,359732,438,2215,1,0.743827925,0.595547835,0.77979192,3923301030.0,0
3,2019,2,0,0,1,750231,323365,1497,467,1,0.742770491,0.733981299,0.82558393,420429452.4,0
0,2021,2,0,3,1,512940,454427,328,856,1,0.784587346,0.544835222,0.776474189,526891968.0,0
1,2019,3,1,0,4,880171,63569,1230,1204,0,0.489881897,0.587725723,0.35920254,900767001.4,1
3,2022,2,1,1,0,1041220,277966,795,404,1,0.511011901,0.633486501,0.714832801,420652880.0,2
1,2022,3,0,1,4,726377,87860,1313,2347,0,0.913034342,0.520320989,0.47778511,1449085796.15,1
1,2021,2,1,0,3,950043,252630,954,2497,1,0.648455749,0.69722009,0.781891946,2846708845.2,0
2,2019,2,1,3,1,1478935,357481,1127,445,1,0.730057298,0.489350476,0.739802591,658126075.0,2
2,2022,1,0,1,4,524648,495527,650,1173,1,0.991865795,0.748534477,0.913466757,738494524.8,0
3,2020,2,1,2,3,532966,194587,853,598,1,0.736819882,0.660297836,0.799039239,382456401.6,0
2,2018,0,1,1,4,920993,121695,598,2036,0,0.718486678,0.637601679,0.452029452,1593870485.8,1
3,2018,1,1,2,0,755733,303078,363,945,1,0.884411638,0.653925138,0.846112259,857001222.0,0
2,2018,2,0,3,0,663639,292599,1054,937,1,0.660260263,0.693961391,0.784740551,746195691.6,0
1,2019,1,1,2,0,746331,418893,1069,2586,1,0.930439384,0.759286618,0.896575334,2316014359.2,0
3,2021,0,0,2,0,1434678,205976,1133,2811,0,0.881333688,0.831709727,0.571014472,4032879858.0,2
3,2022,1,1,2,2,542598,241007,465,2800,1,1.0,0.801390582,0.933796861,1823129280.0,0
1,2020,2,1,2,3,690271,355934,805,1083,1,0.646448544,0.923168832,0.856539125,897076191.6,0
3,2020,0,1,1,3,907014,380724,1092,1196,0,0.955046197,0.767529721,0.574191973,1084788744.0,2
3,2019,3,0,2,0,1482868,55636,1132,670,0,0.833113816,0.71403151,0.515715109,993521560.0,2
2,2018,2,0,1,2,1435062,311578,1157,786,1,0.551195042,0.654296818,0.735163954,1127958732.0,2
3,2019,2,1,2,0,1347516,389273,1105,2337,1,0.360573536,0.657620104,0.672731214,3149144892.0,2
0,2021,3,0,0,2,1199597,446108,1472,2512,0,0.630295968,0.753903803,0.461399923,2561379514.4,1
1,2021,0,1,3,0,1220857,333816,1060,1660,0,0.793852171,0.600055586,0.464635919,1722629227.0,1
2,2022,3,0,2,1,1155538,317956,1132,491,0,0.81560219,0.722897614,0.512833268,567369158.0,2
2,2022,0,0,0,1,748004,277693,582,1029,0,0.74113784,0.69811351,0.47975045,654241698.6,1
0,2021,1,1,2,4,517118,50654,678,2561,1,0.742480595,0.627190294,0.789890296,1589207037.6,0
1,2021,2,1,2,0,522616,104633,497,2921,1,0.731100975,0.594880971,0.775327315,1831873603.2,0
1,2021,1,1,2,3,631870,67143,1314,1256,1,0.90468257,0.95247175,0.952384773,952354464.0,0
2,2019,1,1,0,4,769745,105934,1323,680,1,0.534556545,0.560342883,0.69829981,523426600.0,2
3,2021,0,0,3,1,1311795,379478,855,1097,0,0.790243479,0.693224144,0.494489207,1223183247.75,1
2,2020,2,0,0,0,502795,153463,655,538,1,0.626587309,0.822258381,0.816281896,324604452.0,0
1,2018,1,0,3,4,597462,175851,1340,1405,1,0.61401884,0.752905686,0.788974842,1007320932.0,0
0,2021,2,1,2,0,938480,79087,938,1686,1,0.926434585,0.652646444,0.859693676,1898732736.0,0
2,2018,1,1,1,1,865036,192690,678,2852,1,0.602510538,0.580785286,0.727765275,2467082672.0,2
1,2019,3,0,2,4,834977,320590,979,2549,0,0.729072265,0.712978644,0.480683636,1809102917.05,1
2,2018,1,1,3,1,1022904,414271,805,1827,1,1.0,0.436048475,0.812016158,2242614729.6,0
3,2019,0,0,0,2,765228,361011,1198,1967,0,0.875711545,0.716986706,0.530899417,1505203476.0,2
2,2020,1,0,2,1,1382297,494244,375,336,1,0.681754453,0.703482659,0.795079037,557342150.4,0
2,2019,3,0,0,0,969862,372245,530,2991,0,0.694144041,0.807012193,0.500385411,2900857242.0,2
1,2019,3,0,0,3,1287163,208272,1261,2296,0,0.565919565,0.585666026,0.383861864,2512027310.8,1
1,2022,2,0,0,1,632201,276179,601,1725,1,0.945096786,0.66765286,0.870916549,1308656070.0,0
1,2021,0,1,2,3,659094,400218,1025,2892,0,0.901702771,0.743690165,0.548464312,1906099848.0,2
2,2021,2,1,0,2,763749,242537,514,1790,1,0.852990341,0.720556776,0.857849039,1640532852.0,0
3,2020,0,1,0,4,577506,267508,1481,1524,0,0.869524942,0.56573535,0.478420097,748101272.4,1
0,2020,1,0,2,4,1264601,168422,368,2887,1,0.633821309,0.635249827,0.756357045,4381083704.4,0
0,2021,1,0,0,3,544130,400036,692,2322,1,0.517813134,0.839991156,0.785934763,1516163832.0,0
1,2022,1,0,2,4,1446769,269631,1408,2741,1,0.834081064,0.725932639,0.853337901,4758712594.8,0
1,2021,0,0,3,1,663402,432188,566,1132,0,0.883283681,0.533588385,0.472290689,638325404.4,1
2,2022,0,1,3,3,1354901,89148,1392,896,0,0.991057002,0.788323215,0.593126739,1213991296.0,2
0,2020,3,1,3,0,646259,395072,910,2740,0,0.719866469,0.540073527,0.419979999,1505137211.0,1
1,2018,0,0,0,1,919007,201770,1308,999,0,0.697987308,0.66929795,0.455761753,780374794.05,1
3,2020,1,0,1,1,852580,485686,1261,1946,1,0.714110969,0.756327655,0.823479542,1990944816.0,0
3,2020,2,0,1,1,701682,363804,1027,2318,1,0.850611574,0.821370588,0.890660721,1951798651.2,0
1,2019,2,1,0,0,874485,497126,972,740,1,0.707686608,0.466207576,0.724631395,647118900.0,2
1,2019,2,1,1,2,723034,347594,722,2160,1,0.742164137,0.771159011,0.837774383,1874104128.0,0
0,2019,2,1,2,4,1457371,237535,1497,1940,1,0.874657934,0.786172464,0.886943466,3392759688.0,0
0,2019,1,0,1,3,1009394,345901,414,1829,1,0.656124577,0.644298453,0.766807677,2215417951.2,0
2,2022,0,0,0,2,1418397,128012,519,2667,0,0.958673098,0.709090909,0.555921336,3782864799.0,2
0,2021,2,1,0,3,1123982,418894,330,2900,1,0.844963351,0.394802827,0.746588726,3259547800.0,2
3,2018,1,0,2,4,1044061,439187,1453,1394,1,0.471356906,0.425201969,0.632186291,1455421034.0,2
3,2020,1,1,3,0,1290671,474606,916,867,1,0.672696871,0.810853272,0.827850048,1342814108.4,0
1,2022,3,0,0,1,783007,106116,838,535,0,0.446348475,0.646110477,0.364152984,356072433.25,1
0,2018,1,1,2,1,813559,194233,1038,1604,1,0.72049809,0.665378777,0.795292289,1565938363.2,0
2,2022,1,0,1,0,568968,82152,1325,1485,1,0.675253334,0.72346764,0.799573658,1013900976.0,0
3,2022,2,1,1,2,993891,156379,1170,1332,1,0.875228214,0.663406779,0.846211664,1588635374.4,0
3,2020,1,1,2,2,1084718,276905,400,2407,1,0.617847248,0.654130787,0.757326011,3133099471.2,0
2,2021,0,1,2,3,750072,70836,1381,2140,0,0.80816025,0.739448906,0.515869719,1605154080.0,2
2,2019,2,1,0,0,501515,271439,991,524,1,0.835327141,0.550446374,0.795257839,315352632.0,0
3,2021,3,1,1,2,597206,236720,1240,2142,0,0.788579228,0.815991765,0.534856998,1279215252.0,2
3,2020,1,1,2,0,745282,207403,640,881,1,0.921018537,0.676974998,0.865997845,787912130.4,0
2,2020,3,0,1,4,1259990,191835,1160,468,0,1.0,0.59943415,0.533144717,589675320.0,2
3,2020,2,0,2,1,907821,381588,1343,1765,1,0.766791291,0.585979032,0.784256774,1922764878.0,0
1,2018,2,0,1,1,1342672,143109,337,313,1,0.810776928,0.704265189,0.838347372,504307603.2,0
1,2021,0,1,3,1,505586,200259,959,2511,0,0.617958457,0.669364229,0.429107562,1079097479.1,1
2,2021,2,1,0,0,1406851,193029,1227,1743,1,0.597071488,0.545115993,0.714062493,2452141293.0,2
0,2022,0,0,1,0,1408806,447595,1349,2170,0,0.905074448,0.639816489,0.514963646,3057109020.0,2
2,2022,2,1,3,3,1269565,471175,753,1843,1,0.885228826,0.6190801,0.834769642,2807769954.0,0
2,2022,2,1,1,1,1055474,132018,1036,1989,1,0.595557019,0.826185654,0.807247558,2519205343.2,0
0,2020,2,1,1,3,1051216,173076,1118,1871,1,0.553766919,0.713045241,0.755604053,2360190163.2,0
0,2021,3,1,3,1,1253624,208177,1072,1351,0,0.652689479,0.856933943,0.503207807,1693646024.0,2
0,2020,2,1,1,3,1238447,444093,312,2031,1,0.728793305,0.629002578,0.785931961,3018343028.4,0
1,2018,2,0,1,3,885134,229425,1214,745,1,0.688631039,0.670886811,0.78650595,791309796.0,0
3,2022,0,0,0,4,849173,395932,1220,1015,0,0.77407723,0.738655323,0.504244184,861910595.0,2
1,2020,2,0,3,3,1044999,409014,1124,1118,1,0.887559377,0.760413261,0.882657546,1401970658.4,0
3,2020,0,0,3,0,1079250,265657,670,2451,0,0.819315657,0.772099107,0.530471588,2645241750.0,2
1,2018,2,0,2,3,520039,395452,631,725,1,0.83041815,0.611219045,0.813879065,452433930.0,0
3,2019,3,1,1,1,1060849,494783,560,1424,0,0.382269541,0.614032086,0.332100542,1284051629.6,1
1,2021,2,1,0,3,706555,370057,996,1864,1,0.507914547,0.664457973,0.724124173,1317018520.0,2
0,2019,1,1,1,2,991087,52637,986,2986,1,0.630531479,0.848090686,0.826207388,3551262938.4,0
2,2022,3,1,1,1,1498899,354169,1249,1149,0,0.655290953,0.599931682,0.418407545,1463899708.35,1
1,2020,0,0,2,2,719730,287989,686,1845,0,0.875974175,0.647307499,0.507760558,1327901850.0,2
3,2018,3,0,1,1,501577,282259,1120,1429,0,0.618164785,0.772985791,0.463716859,609240503.05,1
0,2018,1,0,0,0,607792,411652,767,2002,1,0.850039149,0.767635426,0.872558192,1460159500.8,0
1,2021,0,1,0,0,1445854,132464,368,2301,0,0.632234139,0.755541837,0.462591992,2827873545.9,1
1,2019,1,0,2,0,1272268,340886,1427,576,1,0.569867357,0.708084358,0.759317238,879391641.6,0
0,2021,0,1,1,2,738540,61831,1484,2106,0,0.576832551,0.593486638,0.390106396,1322060454.0,1
1,2020,0,0,0,4,1451302,163768,499,2535,0,1.0,0.630922407,0.543640802,3679050570.0,2
2,2021,2,0,1,1,728506,296983,515,2239,1,0.628895255,0.812649018,0.813848091,1957349920.8,0
1,2018,3,1,1,0,1236777,397236,511,2452,0,0.853648081,0.777363733,0.543670605,3032577204.0,2
2,2018,2,1,1,1,510785,403023,807,845,1,0.516270236,0.566501509,0.694257248,431613325.0,2
2,2022,2,0,2,2,572227,400514,315,2727,1,0.962839351,0.786945763,0.916595038,1872555634.8,0
0,2022,1,0,1,4,1405112,438681,1183,409,1,0.802356172,0.830877844,0.877744672,689628969.6,0
1,2020,1,1,0,2,1348389,489978,631,844,1,0.79109683,0.705383079,0.83215997,1365648379.2,0
0,2019,2,0,1,1,1089719,154824,1016,2701,1,0.812074098,0.742628118,0.851567406,3531997222.8,0
1,2021,3,0,0,4,910513,138741,850,1042,0,0.828599959,0.801148519,0.543249492,948754546.0,2
1,2020,3,1,1,4,1358326,68830,1241,2664,0,0.871360089,0.63042836,0.50059615,3618580464.0,2
3,2022,0,0,0,2,747941,367188,555,1589,0,0.660135387,0.93295978,0.531031723,1188478249.0,2
1,2021,2,1,0,0,1219132,386092,1291,2175,1,0.651361756,0.822307798,0.824556518,3181934520.0,0
0,2022,3,0,1,1,650653,119202,1027,1388,0,0.757383582,0.752402815,0.503262132,903106364.0,2
2,2021,1,1,1,3,817336,349189,1179,632,1,0.852664164,0.696549216,0.849737793,619867622.4,0
1,2019,2,0,0,3,763606,267394,1114,1836,1,0.740001679,0.749477744,0.829826474,1682376739.2,0
3,2020,2,1,3,2,890992,252123,1495,1456,1,0.866085269,0.54397175,0.80335234,1556741222.4,0
0,2021,1,0,2,1,1219533,419653,948,891,1,0.842675517,0.908208777,0.916961431,1303924683.6,0
1,2018,3,1,3,1,1433015,207699,1299,1082,0,0.717452511,0.812889157,0.510113889,1550522230.0,2
0,2018,2,0,3,2,838250,327342,770,839,1,0.487923005,0.84640136,0.778108121,843950100.0,0
3,2021,1,0,1,1,810809,381665,989,1858,1,0.674470808,0.703075716,0.792515508,1807779746.4,0
3,2021,3,0,2,0,1199774,156471,999,1819,0,1.0,0.66397108,0.554657027,2182388906.0,2
0,2021,3,0,3,2,843154,341619,806,2968,0,0.801008948,0.63256928,0.477859409,2127108911.2,1
1,2018,2,0,1,0,1096861,286824,1291,918,1,0.65406748,0.781357461,0.811808314,1208302077.6,0
2,2018,1,0,3,1,724737,69403,1309,2133,1,0.787597737,0.648745292,0.812114343,1855036825.2,0
3,2021,2,0,3,2,1394235,53681,1103,1291,1,0.85149661,0.681264307,0.844253639,2159948862.0,0
1,2022,2,0,1,1,1143970,403699,1130,2446,1,0.654140159,0.754639913,0.80292669,3357780744.0,0
1,2022,1,0,1,2,1037674,431028,513,2664,1,0.935307584,0.634067168,0.856458251,3317236243.2,0
2,2019,1,1,1,1,886213,405266,468,2470,1,0.824354703,0.804394676,0.876249793,2626735332.0,0
3,2020,1,1,2,0,554460,165260,1277,1916,1,0.585013684,0.698225892,0.761079859,1274814432.0,0
3,2022,0,0,3,0,899437,223364,445,1818,0,0.878454943,0.549188068,0.475881004,1389899996.1,1
1,2018,1,1,1,1,916690,155386,815,2804,1,0.688557992,0.632999732,0.773852575,3084478512.0,0
1,2022,2,0,0,2,615375,283378,1413,821,1,0.723130436,0.830818545,0.851316327,606267450.0,0
2,2019,1,0,3,3,1399092,448845,752,2867,1,0.597604695,0.606299749,0.734634815,4011196764.0,2
2,2019,2,1,0,0,652117,143246,359,1216,1,0.844716962,0.789407749,0.87804157,951569126.4,0
3,2020,1,0,2,0,1377751,145864,827,1016,1,0.727670216,0.712167344,0.813279187,1679754019.2,0
0,2022,1,0,1,3,616582,258886,1323,2662,1,0.851063543,0.68282997,0.844631171,1969609540.8,0
3,2018,1,1,0,1,998909,320561,773,2236,1,0.667352642,0.951259415,0.872870686,2680272628.8,0
1,2018,1,1,2,2,1422426,431032,1056,859,1,0.650189507,0.571578376,0.740589294,1221863934.0,2
3,2021,2,0,1,1,1267303,215837,1081,1268,1,0.638034439,0.62598664,0.754673693,1928328244.8,0
0,2018,0,1,0,4,1178066,386643,1402,2703,0,0.809404827,0.697656993,0.50235394,3184312398.0,2
2,2020,1,1,0,0,1329203,443052,732,1377,1,0.647947526,0.941574939,0.863174155,2196375037.2,0
0,2020,3,0,2,4,1076623,295160,1476,1189,0,0.719533103,0.697889882,0.472474328,1088089034.95,1
0,2018,0,1,1,0,1253375,237646,700,1092,0,0.672235952,0.727425294,0.466553749,1163382675.0,1
0,2018,1,1,1,0,552949,309278,356,2612,1,0.816012589,0.66641645,0.827476346,1733163345.6,0
2,2021,1,0,0,4,963930,339819,1302,1281,1,0.489704633,0.735862858,0.74185583,1234794330.0,2
0,2018,2,1,0,4,595558,306681,485,1101,1,0.787054931,0.672618259,0.819891063,786851229.6,0
0,2021,1,1,0,1,908456,221635,697,342,1,1.0,0.76953226,0.92317742,372830342.4,0
0,2021,2,0,1,4,1388704,61332,904,1909,1,0.935403916,0.777418733,0.904274216,3181243123.2,0
1,2018,1,0,2,1,1289148,304817,1087,2077,1,0.657502032,0.676589484,0.778030505,3213072475.2,0
0,2019,1,0,2,1,647646,331321,457,649,1,0.824190266,0.587451996,0.803880754,504386704.8,0
2,2019,3,1,1,1,1267175,442704,888,1867,0,0.795084821,0.709356985,0.501480602,2365815725.0,2
0,2021,0,0,3,0,966933,270326,765,1429,0,0.970408809,0.840212175,0.603540328,1381747257.0,2
0,2018,0,0,2,0,1004515,249519,745,2348,0,0.373482762,0.617333941,0.330272234,2004811037.0,1
2,2019,1,1,0,4,1461570,311849,1100,2080,1,0.916930105,0.733391689,0.883440598,3648078720.0,0
0,2018,3,0,3,0,1217186,369248,1396,883,0,0.709872349,0.579425957,0.429766102,913558952.3,1
2,2018,3,0,3,4,1175573,396479,1228,731,0,0.638515659,0.596019267,0.411511642,730442283.55,1
0,2018,0,0,2,0,571916,427082,316,2232,0,0.634229696,0.830036584,0.48808876,1085039035.2,1
2,2022,2,0,3,2,1221511,130730,1030,2400,1,0.555014053,0.769153338,0.774722464,3517951680.0,0
0,2018,0,1,3,2,759590,448167,625,2867,0,0.657882239,0.734896513,0.464259584,1851082850.5,1
0,2022,1,0,2,4,1272378,287474,1294,1648,1,0.588039892,0.467822674,0.685287522,2096878944.0,2
1,2021,3,0,2,0,1075194,340477,912,2494,0,0.777032576,0.644710713,0.473914429,2279303760.6,1
1,2019,1,1,3,0,1286895,333817,845,2330,1,0.838490645,0.7606814,0.866390682,3598158420.0,0
0,2019,0,0,0,1,1449477,426565,895,1489,0,0.711513989,0.555093449,0.422202479,1834530565.05,1
0,2019,0,1,1,3,574694,90870,1220,1462,0,0.974958481,0.664611461,0.546523314,840202628.0,2
3,2019,1,1,3,4,913867,303017,1141,2976,1,0.667736807,0.776665371,0.814800726,3263601830.4,0
